ISO-10303-21;
HEADER;
FILE_DESCRIPTION (( 'STEP AP214' ),
    '1' );
FILE_NAME ('BPW34S.STEP',
    '2023-03-27T07:47:27',
    ( '' ),
    ( '' ),
    'SwSTEP 2.0',
    'SolidWorks 2021',
    '' );
FILE_SCHEMA (( 'AUTOMOTIVE_DESIGN' ));
ENDSEC;

DATA;
#1 = EDGE_CURVE ( 'NONE', #1143, #1055, #3, .T. ) ;
#2 = DIRECTION ( 'NONE',  ( 0.000000000000000000, 0.000000000000000000, -1.000000000000000000 ) ) ;
#3 = LINE ( 'NONE', #1329, #600 ) ;
#4 = LINE ( 'NONE', #1110, #484 ) ;
#5 = CARTESIAN_POINT ( 'NONE',  ( -2.674999999999999822, 0.2695999260624414862, 0.04942323963059890024 ) ) ;
#6 = DIRECTION ( 'NONE',  ( 0.000000000000000000, 0.000000000000000000, -1.000000000000000000 ) ) ;
#7 = CIRCLE ( 'NONE', #1092, 0.2499999999999997780 ) ;
#8 = AXIS2_PLACEMENT_3D ( 'NONE', #27, #658, #541 ) ;
#9 = ORIENTED_EDGE ( 'NONE', *, *, #1004, .T. ) ;
#10 = DIRECTION ( 'NONE',  ( 0.000000000000000000, 0.000000000000000000, -1.000000000000000000 ) ) ;
#11 = EDGE_LOOP ( 'NONE', ( #1059, #944, #522, #715, #1107, #910, #1450, #718 ) ) ;
#12 = DIRECTION ( 'NONE',  ( 0.000000000000000000, 0.000000000000000000, -1.000000000000000000 ) ) ;
#13 = VECTOR ( 'NONE', #1374, 1000.000000000000000 ) ;
#14 = EDGE_CURVE ( 'NONE', #1444, #686, #490, .T. ) ;
#15 = CARTESIAN_POINT ( 'NONE',  ( 2.674999999999999822, 0.5000000000000000000, -0.8000000000000000444 ) ) ;
#16 = VECTOR ( 'NONE', #1467, 1000.000000000000000 ) ;
#17 = DIRECTION ( 'NONE',  ( 0.000000000000000000, 0.000000000000000000, -1.000000000000000000 ) ) ;
#18 = ORIENTED_EDGE ( 'NONE', *, *, #471, .T. ) ;
#19 = CARTESIAN_POINT ( 'NONE',  ( 2.200000000000000178, 0.7500000000000000000, 0.8000000000000000444 ) ) ;
#20 = ORIENTED_EDGE ( 'NONE', *, *, #1456, .T. ) ;
#21 = DIRECTION ( 'NONE',  ( 1.000000000000000000, 0.000000000000000000, 0.000000000000000000 ) ) ;
#22 = EDGE_CURVE ( 'NONE', #1031, #1525, #130, .T. ) ;
#23 = CARTESIAN_POINT ( 'NONE',  ( -2.200000000000000178, 0.7500000000000000000, 1.925000000000000044 ) ) ;
#24 = ORIENTED_EDGE ( 'NONE', *, *, #763, .T. ) ;
#25 = DIRECTION ( 'NONE',  ( 0.000000000000000000, 0.000000000000000000, -1.000000000000000000 ) ) ;
#26 = ORIENTED_EDGE ( 'NONE', *, *, #439, .T. ) ;
#27 = CARTESIAN_POINT ( 'NONE',  ( 2.159807621135334532, 0.5999999999999999778, 0.8000000000000000444 ) ) ;
#28 = EDGE_LOOP ( 'NONE', ( #697, #292, #1436, #383 ) ) ;
#29 = CARTESIAN_POINT ( 'NONE',  ( -2.200000000000000178, 0.7500000000000000000, -0.8000000000000000444 ) ) ;
#30 = FACE_OUTER_BOUND ( 'NONE', #959, .T. ) ;
#31 = ADVANCED_FACE ( 'NONE', ( #406 ), #279, .F. ) ;
#32 = LINE ( 'NONE', #1349, #1428 ) ;
#33 = EDGE_CURVE ( 'NONE', #1495, #1387, #180, .T. ) ;
#34 = ORIENTED_EDGE ( 'NONE', *, *, #1486, .T. ) ;
#35 = LINE ( 'NONE', #301, #620 ) ;
#36 = FACE_OUTER_BOUND ( 'NONE', #509, .T. ) ;
#37 = AXIS2_PLACEMENT_3D ( 'NONE', #1403, #76, #228 ) ;
#38 = DIRECTION ( 'NONE',  ( -1.000000000000000000, 0.000000000000000000, 0.000000000000000000 ) ) ;
#39 = LINE ( 'NONE', #290, #449 ) ;
#40 = CYLINDRICAL_SURFACE ( 'NONE', #456, 0.09999999999999982514 ) ;
#41 = VERTEX_POINT ( 'NONE', #876 ) ;
#42 = DIRECTION ( 'NONE',  ( 0.04361938736533613886, 0.9990482215818577982, 0.000000000000000000 ) ) ;
#43 = VECTOR ( 'NONE', #753, 1000.000000000000000 ) ;
#44 = EDGE_CURVE ( 'NONE', #182, #795, #1375, .T. ) ;
#45 = FACE_OUTER_BOUND ( 'NONE', #1300, .T. ) ;
#46 = CARTESIAN_POINT ( 'NONE',  ( 3.225000000000000089, 0.1498572332372792304, 0.8000000000000000444 ) ) ;
#47 = AXIS2_PLACEMENT_3D ( 'NONE', #848, #983, #1323 ) ;
#48 = VERTEX_POINT ( 'NONE', #1233 ) ;
#49 = LINE ( 'NONE', #1484, #665 ) ;
#50 = ADVANCED_FACE ( 'NONE', ( #668 ), #1141, .F. ) ;
#51 = DIRECTION ( 'NONE',  ( 0.000000000000000000, 0.000000000000000000, -1.000000000000000000 ) ) ;
#52 = DIRECTION ( 'NONE',  ( 0.000000000000000000, 0.000000000000000000, 1.000000000000000000 ) ) ;
#53 = ORIENTED_EDGE ( 'NONE', *, *, #1033, .F. ) ;
#54 = CARTESIAN_POINT ( 'NONE',  ( -3.218457091895220223, -4.305583208330154675E-16, -0.4000000000000000222 ) ) ;
#55 = DIRECTION ( 'NONE',  ( 0.000000000000000000, 0.000000000000000000, -1.000000000000000000 ) ) ;
#56 = PRESENTATION_LAYER_ASSIGNMENT (  '', '', ( #689 ) ) ;
#57 = VECTOR ( 'NONE', #965, 1000.000000000000000 ) ;
#58 = EDGE_CURVE ( 'NONE', #807, #351, #315, .T. ) ;
#59 = SURFACE_SIDE_STYLE ('',( #1134 ) ) ;
#60 = ORIENTED_EDGE ( 'NONE', *, *, #585, .F. ) ;
#61 = DIRECTION ( 'NONE',  ( -1.193104087349831802E-16, -1.260399915322766067E-32, -1.000000000000000000 ) ) ;
#62 = VECTOR ( 'NONE', #696, 1000.000000000000000 ) ;
#63 = CARTESIAN_POINT ( 'NONE',  ( 2.524999999999999911, 0.5000000000000000000, 0.8000000000000000444 ) ) ;
#64 = EDGE_CURVE ( 'NONE', #41, #1282, #824, .T. ) ;
#65 = CARTESIAN_POINT ( 'NONE',  ( -2.200000000000000178, 0.7500000000000000000, 0.8000000000000000444 ) ) ;
#66 = AXIS2_PLACEMENT_3D ( 'NONE', #527, #651, #1011 ) ;
#67 = VERTEX_POINT ( 'NONE', #1254 ) ;
#68 = LINE ( 'NONE', #938, #814 ) ;
#69 = VECTOR ( 'NONE', #517, 1000.000000000000000 ) ;
#70 = FACE_OUTER_BOUND ( 'NONE', #1426, .T. ) ;
#71 = EDGE_LOOP ( 'NONE', ( #869, #253, #1082, #809, #300, #332 ) ) ;
#72 = CARTESIAN_POINT ( 'NONE',  ( -2.200000000000000178, 0.5999999999999999778, 0.8000000000000000444 ) ) ;
#73 = DIRECTION ( 'NONE',  ( 0.000000000000000000, 0.000000000000000000, -1.000000000000000000 ) ) ;
#74 = EDGE_CURVE ( 'NONE', #702, #640, #1505, .T. ) ;
#75 = ORIENTED_EDGE ( 'NONE', *, *, #271, .F. ) ;
#76 = DIRECTION ( 'NONE',  ( 0.000000000000000000, 0.000000000000000000, -1.000000000000000000 ) ) ;
#77 = EDGE_CURVE ( 'NONE', #1047, #1536, #307, .T. ) ;
#78 = PLANE ( 'NONE',  #1219 ) ;
#79 = ORIENTED_EDGE ( 'NONE', *, *, #259, .F. ) ;
#80 = PRODUCT ( 'BPW34S', 'BPW34S', '', ( #181 ) ) ;
#81 = LINE ( 'NONE', #1150, #126 ) ;
#82 = VECTOR ( 'NONE', #497, 1000.000000000000114 ) ;
#83 = ORIENTED_EDGE ( 'NONE', *, *, #333, .F. ) ;
#84 = DIRECTION ( 'NONE',  ( 1.000000000000000000, -4.818676322157810194E-16, 0.000000000000000000 ) ) ;
#85 = ORIENTED_EDGE ( 'NONE', *, *, #763, .F. ) ;
#86 = CARTESIAN_POINT ( 'NONE',  ( 2.524999999999999911, 0.2695999260624414862, 0.8000000000000000444 ) ) ;
#87 = VECTOR ( 'NONE', #1545, 1000.000000000000000 ) ;
#88 = EDGE_CURVE ( 'NONE', #1295, #1222, #794, .T. ) ;
#89 = CARTESIAN_POINT ( 'NONE',  ( 2.425000000000000266, 0.5000000000000000000, 0.8000000000000000444 ) ) ;
#90 = ORIENTED_EDGE ( 'NONE', *, *, #801, .F. ) ;
#91 = AXIS2_PLACEMENT_3D ( 'NONE', #1152, #73, #1030 ) ;
#92 = CARTESIAN_POINT ( 'NONE',  ( -2.524999999999999911, 0.2695999260624414862, 0.4000000000000000222 ) ) ;
#93 = VERTEX_POINT ( 'NONE', #1393 ) ;
#94 = PLANE ( 'NONE',  #1197 ) ;
#95 = ORIENTED_EDGE ( 'NONE', *, *, #367, .F. ) ;
#96 = LINE ( 'NONE', #789, #1441 ) ;
#97 = STYLED_ITEM ( 'NONE', ( #1369 ), #681 ) ;
#98 = CARTESIAN_POINT ( 'NONE',  ( 2.200000000000000178, 0.5999999999999999778, -0.4000000000000000222 ) ) ;
#99 = EDGE_CURVE ( 'NONE', #203, #1495, #1498, .T. ) ;
#100 = DIRECTION ( 'NONE',  ( 0.000000000000000000, 0.000000000000000000, 1.000000000000000000 ) ) ;
#101 = ORIENTED_EDGE ( 'NONE', *, *, #503, .F. ) ;
#102 = CARTESIAN_POINT ( 'NONE',  ( -2.025833024919774683, 0.1000000000000000056, -1.925000000000000044 ) ) ;
#103 = EDGE_LOOP ( 'NONE', ( #747, #680, #200, #1532 ) ) ;
#104 = PLANE ( 'NONE',  #166 ) ;
#105 = FACE_OUTER_BOUND ( 'NONE', #464, .T. ) ;
#106 = FACE_OUTER_BOUND ( 'NONE', #11, .T. ) ;
#107 = ORIENTED_EDGE ( 'NONE', *, *, #1529, .T. ) ;
#108 = AXIS2_PLACEMENT_3D ( 'NONE', #1503, #61, #550 ) ;
#109 = EDGE_CURVE ( 'NONE', #926, #209, #435, .T. ) ;
#110 = CARTESIAN_POINT ( 'NONE',  ( -2.200000000000000178, 0.7500000000000000000, -0.8000000000000000444 ) ) ;
#111 = EDGE_LOOP ( 'NONE', ( #1148, #1452, #840, #363, #725, #457 ) ) ;
#112 = DIRECTION ( 'NONE',  ( 0.000000000000000000, 0.000000000000000000, 1.000000000000000000 ) ) ;
#113 = LINE ( 'NONE', #625, #1094 ) ;
#114 = EDGE_LOOP ( 'NONE', ( #592, #140, #498, #391, #577, #193 ) ) ;
#115 = PLANE ( 'NONE',  #743 ) ;
#116 = PRESENTATION_LAYER_ASSIGNMENT (  '', '', ( #982 ) ) ;
#117 = LINE ( 'NONE', #232, #573 ) ;
#118 = ADVANCED_FACE ( 'NONE', ( #1368 ), #325, .F. ) ;
#119 = ORIENTED_EDGE ( 'NONE', *, *, #74, .T. ) ;
#120 = DIRECTION ( 'NONE',  ( -0.9659258262890699775, 0.2588190451025145222, 0.000000000000000000 ) ) ;
#121 = VERTEX_POINT ( 'NONE', #1277 ) ;
#122 = FACE_OUTER_BOUND ( 'NONE', #862, .T. ) ;
#123 = ORIENTED_EDGE ( 'NONE', *, *, #1540, .T. ) ;
#124 = VECTOR ( 'NONE', #1242, 1000.000000000000000 ) ;
#125 = LINE ( 'NONE', #1461, #211 ) ;
#126 = VECTOR ( 'NONE', #224, 1000.000000000000000 ) ;
#127 = PLANE ( 'NONE',  #173 ) ;
#128 = CARTESIAN_POINT ( 'NONE',  ( 0.000000000000000000, 0.000000000000000000, 1.925000000000000044 ) ) ;
#129 = DIRECTION ( 'NONE',  ( 0.2588190451025145222, -0.9659258262890699775, 0.000000000000000000 ) ) ;
#130 = LINE ( 'NONE', #617, #504 ) ;
#131 = ADVANCED_FACE ( 'NONE', ( #36 ), #661, .F. ) ;
#132 = CARTESIAN_POINT ( 'NONE',  ( -2.025833024919774683, 0.1000000000000000056, 1.925000000000000044 ) ) ;
#133 = MANIFOLD_SOLID_BREP ( 'NONE', #1318 ) ;
#134 = DIRECTION ( 'NONE',  ( -4.818676322157810194E-16, -1.000000000000000000, 0.000000000000000000 ) ) ;
#135 = DIRECTION ( 'NONE',  ( 0.000000000000000000, 0.000000000000000000, -1.000000000000000000 ) ) ;
#136 = AXIS2_PLACEMENT_3D ( 'NONE', #611, #400, #1076 ) ;
#137 = VECTOR ( 'NONE', #10, 1000.000000000000000 ) ;
#138 = EDGE_LOOP ( 'NONE', ( #819, #225, #18, #192 ) ) ;
#139 = LINE ( 'NONE', #1198, #1412 ) ;
#140 = ORIENTED_EDGE ( 'NONE', *, *, #1243, .F. ) ;
#141 = EDGE_CURVE ( 'NONE', #1001, #971, #376, .T. ) ;
#142 = FACE_OUTER_BOUND ( 'NONE', #663, .T. ) ;
#143 = AXIS2_PLACEMENT_3D ( 'NONE', #1280, #797, #815 ) ;
#144 = LINE ( 'NONE', #1229, #1470 ) ;
#145 = AXIS2_PLACEMENT_3D ( 'NONE', #1185, #226, #936 ) ;
#146 = ORIENTED_EDGE ( 'NONE', *, *, #58, .F. ) ;
#147 = CARTESIAN_POINT ( 'NONE',  ( -2.425000000000000266, 0.5999999999999999778, 0.8000000000000000444 ) ) ;
#148 = ORIENTED_EDGE ( 'NONE', *, *, #777, .F. ) ;
#149 = DIRECTION ( 'NONE',  ( -0.9990482215818577982, -0.04361938736533614580, 1.191968516628893730E-16 ) ) ;
#150 = ORIENTED_EDGE ( 'NONE', *, *, #1103, .F. ) ;
#151 = DIRECTION ( 'NONE',  ( -1.000000000000000000, 0.000000000000000000, 0.000000000000000000 ) ) ;
#152 = EDGE_CURVE ( 'NONE', #812, #176, #629, .T. ) ;
#153 = VECTOR ( 'NONE', #403, 1000.000000000000000 ) ;
#154 = LINE ( 'NONE', #15, #43 ) ;
#155 = ADVANCED_FACE ( 'NONE', ( #341 ), #360, .F. ) ;
#156 = PLANE ( 'NONE',  #758 ) ;
#157 = ORIENTED_EDGE ( 'NONE', *, *, #22, .F. ) ;
#158 = PRESENTATION_STYLE_ASSIGNMENT (( #165 ) ) ;
#159 = DIRECTION ( 'NONE',  ( 0.000000000000000000, 0.000000000000000000, -1.000000000000000000 ) ) ;
#160 = CARTESIAN_POINT ( 'NONE',  ( -2.425000000000000266, 0.5000000000000000000, 0.8000000000000000444 ) ) ;
#161 = PLANE ( 'NONE',  #650 ) ;
#162 = EDGE_CURVE ( 'NONE', #1222, #1208, #117, .T. ) ;
#163 = CARTESIAN_POINT ( 'NONE',  ( -2.770638061263464902, 0.1696951039042554898, -0.4000000000000000222 ) ) ;
#164 = ORIENTED_EDGE ( 'NONE', *, *, #251, .T. ) ;
#165 = SURFACE_STYLE_USAGE ( .BOTH. , #1239 ) ;
#166 = AXIS2_PLACEMENT_3D ( 'NONE', #1440, #1311, #986 ) ;
#167 = CARTESIAN_POINT ( 'NONE',  ( -2.774999999999999911, 0.2695999260624414862, 0.4000000000000000222 ) ) ;
#168 = FACE_OUTER_BOUND ( 'NONE', #255, .T. ) ;
#169 = ADVANCED_FACE ( 'NONE', ( #960 ), #1054, .F. ) ;
#170 = MECHANICAL_DESIGN_GEOMETRIC_PRESENTATION_REPRESENTATION (  '', ( #982 ), #1045 ) ;
#171 = EDGE_LOOP ( 'NONE', ( #1026, #1523, #826, #1159, #979, #1332 ) ) ;
#172 = FACE_OUTER_BOUND ( 'NONE', #1434, .T. ) ;
#173 = AXIS2_PLACEMENT_3D ( 'NONE', #621, #134, #985 ) ;
#174 = CARTESIAN_POINT ( 'NONE',  ( 2.200000000000000178, 0.7500000000000000000, -0.4000000000000000222 ) ) ;
#175 = DIRECTION ( 'NONE',  ( 0.000000000000000000, 0.000000000000000000, -1.000000000000000000 ) ) ;
#176 = VERTEX_POINT ( 'NONE', #571 ) ;
#177 = DIRECTION ( 'NONE',  ( 0.000000000000000000, 0.000000000000000000, -1.000000000000000000 ) ) ;
#178 = EDGE_CURVE ( 'NONE', #1269, #1075, #463, .T. ) ;
#179 = DIRECTION ( 'NONE',  ( 1.000000000000000000, 0.000000000000000000, -2.826593946552469805E-16 ) ) ;
#180 = LINE ( 'NONE', #802, #1073 ) ;
#181 = PRODUCT_CONTEXT ( 'NONE', #837, 'mechanical' ) ;
#182 = VERTEX_POINT ( 'NONE', #714 ) ;
#183 = CARTESIAN_POINT ( 'NONE',  ( -2.524999999999999911, 0.5000000000000000000, -0.8000000000000000444 ) ) ;
#184 =( GEOMETRIC_REPRESENTATION_CONTEXT ( 3 ) GLOBAL_UNCERTAINTY_ASSIGNED_CONTEXT ( ( #694 ) ) GLOBAL_UNIT_ASSIGNED_CONTEXT ( ( #784, #898, #1056 ) ) REPRESENTATION_CONTEXT ( 'NONE', 'WORKASPACE' ) );
#185 = LINE ( 'NONE', #666, #1365 ) ;
#186 = ADVANCED_FACE ( 'NONE', ( #594 ), #1531, .F. ) ;
#187 = VECTOR ( 'NONE', #397, 1000.000000000000000 ) ;
#188 = AXIS2_PLACEMENT_3D ( 'NONE', #401, #495, #879 ) ;
#189 = ORIENTED_EDGE ( 'NONE', *, *, #58, .T. ) ;
#190 = CARTESIAN_POINT ( 'NONE',  ( -2.200000000000000178, 0.5999999999999999778, 0.4000000000000000222 ) ) ;
#191 = FACE_OUTER_BOUND ( 'NONE', #441, .T. ) ;
#192 = ORIENTED_EDGE ( 'NONE', *, *, #1500, .T. ) ;
#193 = ORIENTED_EDGE ( 'NONE', *, *, #1, .T. ) ;
#194 = EDGE_CURVE ( 'NONE', #1062, #1222, #1294, .T. ) ;
#195 = DIRECTION ( 'NONE',  ( 0.000000000000000000, 0.000000000000000000, -1.000000000000000000 ) ) ;
#196 = VERTEX_POINT ( 'NONE', #241 ) ;
#197 = PLANE ( 'NONE',  #240 ) ;
#198 = VECTOR ( 'NONE', #576, 1000.000000000000000 ) ;
#199 = DIRECTION ( 'NONE',  ( 0.000000000000000000, 0.000000000000000000, -1.000000000000000000 ) ) ;
#200 = ORIENTED_EDGE ( 'NONE', *, *, #858, .F. ) ;
#201 = ORIENTED_EDGE ( 'NONE', *, *, #1347, .F. ) ;
#202 = DIRECTION ( 'NONE',  ( 0.000000000000000000, 0.000000000000000000, -1.000000000000000000 ) ) ;
#203 = VERTEX_POINT ( 'NONE', #455 ) ;
#204 = CARTESIAN_POINT ( 'NONE',  ( -2.774999999999999911, 0.2695999260624414862, 0.4000000000000000222 ) ) ;
#205 = EDGE_CURVE ( 'NONE', #609, #321, #350, .T. ) ;
#206 = ORIENTED_EDGE ( 'NONE', *, *, #964, .F. ) ;
#207 = LINE ( 'NONE', #1270, #1468 ) ;
#208 = CARTESIAN_POINT ( 'NONE',  ( -2.774999999999999911, 0.2695999260624414862, -0.4000000000000000222 ) ) ;
#209 = VERTEX_POINT ( 'NONE', #1431 ) ;
#210 = DIRECTION ( 'NONE',  ( 0.000000000000000000, 0.000000000000000000, -1.000000000000000000 ) ) ;
#211 = VECTOR ( 'NONE', #1339, 1000.000000000000000 ) ;
#212 = VECTOR ( 'NONE', #1533, 1000.000000000000000 ) ;
#213 = VECTOR ( 'NONE', #956, 1000.000000000000000 ) ;
#214 = ORIENTED_EDGE ( 'NONE', *, *, #88, .T. ) ;
#215 = DIRECTION ( 'NONE',  ( 1.000000000000000000, 0.000000000000000000, 0.000000000000000000 ) ) ;
#216 = SURFACE_STYLE_USAGE ( .BOTH. , #1499 ) ;
#217 = ORIENTED_EDGE ( 'NONE', *, *, #892, .T. ) ;
#218 = CARTESIAN_POINT ( 'NONE',  ( -2.524999999999999911, 0.2695999260624414862, -0.8000000000000000444 ) ) ;
#219 = EDGE_CURVE ( 'NONE', #1195, #321, #705, .T. ) ;
#220 = AXIS2_PLACEMENT_3D ( 'NONE', #63, #1247, #1128 ) ;
#221 = FACE_OUTER_BOUND ( 'NONE', #951, .T. ) ;
#222 = VERTEX_POINT ( 'NONE', #850 ) ;
#223 = VECTOR ( 'NONE', #1069, 1000.000000000000000 ) ;
#224 = DIRECTION ( 'NONE',  ( -1.056403987452941775E-16, 1.000000000000000000, 0.000000000000000000 ) ) ;
#225 = ORIENTED_EDGE ( 'NONE', *, *, #751, .F. ) ;
#226 = DIRECTION ( 'NONE',  ( 0.000000000000000000, 0.000000000000000000, -1.000000000000000000 ) ) ;
#227 = ORIENTED_EDGE ( 'NONE', *, *, #858, .T. ) ;
#228 = DIRECTION ( 'NONE',  ( 1.000000000000000000, 0.000000000000000000, 0.000000000000000000 ) ) ;
#229 = DIRECTION ( 'NONE',  ( -1.000000000000000000, 0.000000000000000000, 2.826593946552469805E-16 ) ) ;
#230 = EDGE_CURVE ( 'NONE', #755, #891, #1046, .T. ) ;
#231 = DIRECTION ( 'NONE',  ( -1.000000000000000000, 0.000000000000000000, 0.000000000000000000 ) ) ;
#232 = CARTESIAN_POINT ( 'NONE',  ( 2.025833024919774683, 0.1000000000000000056, -1.925000000000000044 ) ) ;
#233 = ORIENTED_EDGE ( 'NONE', *, *, #109, .T. ) ;
#234 = CARTESIAN_POINT ( 'NONE',  ( -2.425000000000000266, 0.7500000000000000000, 0.8000000000000000444 ) ) ;
#235 = EDGE_LOOP ( 'NONE', ( #461, #671, #1439, #482, #474, #569 ) ) ;
#236 = LINE ( 'NONE', #1099, #1541 ) ;
#237 = EDGE_LOOP ( 'NONE', ( #867, #1053, #1114, #357 ) ) ;
#238 = FACE_OUTER_BOUND ( 'NONE', #1238, .T. ) ;
#239 = EDGE_CURVE ( 'NONE', #1075, #1322, #1560, .T. ) ;
#240 = AXIS2_PLACEMENT_3D ( 'NONE', #796, #852, #112 ) ;
#241 = CARTESIAN_POINT ( 'NONE',  ( 2.764095153158665052, 0.01983787066697719967, 0.8000000000000000444 ) ) ;
#242 = ORIENTED_EDGE ( 'NONE', *, *, #152, .T. ) ;
#243 = CARTESIAN_POINT ( 'NONE',  ( 2.159807621135334532, 0.5999999999999999778, -0.4000000000000000222 ) ) ;
#244 = ORIENTED_EDGE ( 'NONE', *, *, #1316, .T. ) ;
#245 = LINE ( 'NONE', #1083, #1135 ) ;
#246 = ORIENTED_EDGE ( 'NONE', *, *, #1411, .F. ) ;
#247 = DIRECTION ( 'NONE',  ( -0.04361938736533548661, -0.9990482215818577982, 0.000000000000000000 ) ) ;
#248 = VECTOR ( 'NONE', #997, 1000.000000000000000 ) ;
#249 = VECTOR ( 'NONE', #1218, 1000.000000000000000 ) ;
#250 = CARTESIAN_POINT ( 'NONE',  ( -3.218457091895200239, 4.878909776184769953E-16, 0.8000000000000000444 ) ) ;
#251 = EDGE_CURVE ( 'NONE', #1195, #203, #1317, .T. ) ;
#252 = LINE ( 'NONE', #234, #1312 ) ;
#253 = ORIENTED_EDGE ( 'NONE', *, *, #688, .F. ) ;
#254 = LINE ( 'NONE', #1335, #266 ) ;
#255 = EDGE_LOOP ( 'NONE', ( #434, #1231, #233, #1091 ) ) ;
#256 = CARTESIAN_POINT ( 'NONE',  ( 2.770638061263464902, 0.1696951039042554898, 0.8000000000000000444 ) ) ;
#257 = CARTESIAN_POINT ( 'NONE',  ( -2.200000000000000178, 0.7500000000000000000, 1.925000000000000044 ) ) ;
#258 = CARTESIAN_POINT ( 'NONE',  ( -3.225000000000000089, 0.1498572332372792304, 0.8000000000000000444 ) ) ;
#259 = EDGE_CURVE ( 'NONE', #795, #1143, #275, .T. ) ;
#260 = ORIENTED_EDGE ( 'NONE', *, *, #912, .T. ) ;
#261 = CARTESIAN_POINT ( 'NONE',  ( -2.200000000000000178, 0.5999999999999999778, -0.4000000000000000222 ) ) ;
#262 = ORIENTED_EDGE ( 'NONE', *, *, #1042, .F. ) ;
#263 = DIRECTION ( 'NONE',  ( -1.000000000000000000, -1.056403987452941775E-16, 0.000000000000000000 ) ) ;
#264 = DIRECTION ( 'NONE',  ( -0.04361938736533708255, 0.9990482215818576872, 5.204246935327908586E-18 ) ) ;
#265 = CARTESIAN_POINT ( 'NONE',  ( -2.764095153158665052, 0.01983787066697719967, 0.8000000000000000444 ) ) ;
#266 = VECTOR ( 'NONE', #1205, 1000.000000000000000 ) ;
#267 = ORIENTED_EDGE ( 'NONE', *, *, #194, .T. ) ;
#268 = ADVANCED_FACE ( 'NONE', ( #1170 ), #94, .F. ) ;
#269 = CARTESIAN_POINT ( 'NONE',  ( -2.674999999999999822, 0.5000000000000000000, -0.8000000000000000444 ) ) ;
#270 = ORIENTED_EDGE ( 'NONE', *, *, #892, .F. ) ;
#271 = EDGE_CURVE ( 'NONE', #48, #1413, #154, .T. ) ;
#272 = DIRECTION ( 'NONE',  ( 0.000000000000000000, 0.000000000000000000, -1.000000000000000000 ) ) ;
#273 = UNCERTAINTY_MEASURE_WITH_UNIT (LENGTH_MEASURE( 1.000000000000000082E-05 ), #786, 'distance_accuracy_value', 'NONE');
#274 = DIRECTION ( 'NONE',  ( -0.2588190451025135785, 0.9659258262890701996, 0.000000000000000000 ) ) ;
#275 = CIRCLE ( 'NONE', #1549, 0.2500000000000002220 ) ;
#276 = DIRECTION ( 'NONE',  ( 1.000000000000000000, 0.000000000000000000, 0.000000000000000000 ) ) ;
#277 = ORIENTED_EDGE ( 'NONE', *, *, #521, .F. ) ;
#278 = DIRECTION ( 'NONE',  ( -1.000000000000000000, -3.611941986289139840E-16, 1.193104087349831802E-16 ) ) ;
#279 = CYLINDRICAL_SURFACE ( 'NONE', #91, 0.09999999999999982514 ) ;
#280 = SURFACE_STYLE_FILL_AREA ( #408 ) ;
#281 = EDGE_CURVE ( 'NONE', #1551, #1031, #1341, .T. ) ;
#282 = CARTESIAN_POINT ( 'NONE',  ( 2.524999999999999911, 0.2695999260624414862, -0.8000000000000000444 ) ) ;
#283 = VECTOR ( 'NONE', #1216, 1000.000000000000000 ) ;
#284 = PRODUCT_DEFINITION_SHAPE ( 'NONE', 'NONE',  #1120 ) ;
#285 = DIRECTION ( 'NONE',  ( 0.000000000000000000, 0.000000000000000000, 1.000000000000000000 ) ) ;
#286 = VERTEX_POINT ( 'NONE', #23 ) ;
#287 = CYLINDRICAL_SURFACE ( 'NONE', #918, 0.2499999999999997780 ) ;
#288 = DIRECTION ( 'NONE',  ( -2.168404344971010101E-16, -1.260399915322766067E-32, -1.000000000000000000 ) ) ;
#289 = ADVANCED_FACE ( 'NONE', ( #744 ), #127, .F. ) ;
#290 = CARTESIAN_POINT ( 'NONE',  ( -2.524999999999999911, 0.5000000000000000000, 0.8000000000000000444 ) ) ;
#291 = FACE_OUTER_BOUND ( 'NONE', #677, .T. ) ;
#292 = ORIENTED_EDGE ( 'NONE', *, *, #14, .F. ) ;
#293 = AXIS2_PLACEMENT_3D ( 'NONE', #628, #1453, #1191 ) ;
#294 = AXIS2_PLACEMENT_3D ( 'NONE', #258, #1210, #135 ) ;
#295 = FACE_OUTER_BOUND ( 'NONE', #28, .T. ) ;
#296 = AXIS2_PLACEMENT_3D ( 'NONE', #791, #1404, #679 ) ;
#297 = DIRECTION ( 'NONE',  ( 0.2588190451025135785, 0.9659258262890701996, 0.000000000000000000 ) ) ;
#298 = VECTOR ( 'NONE', #445, 1000.000000000000000 ) ;
#299 = EDGE_CURVE ( 'NONE', #657, #121, #511, .T. ) ;
#300 = ORIENTED_EDGE ( 'NONE', *, *, #1308, .T. ) ;
#301 = CARTESIAN_POINT ( 'NONE',  ( 3.225000000000000089, 0.1498572332372792304, 0.8000000000000000444 ) ) ;
#302 = DIRECTION ( 'NONE',  ( 1.000000000000000000, 0.000000000000000000, 0.000000000000000000 ) ) ;
#303 = EDGE_LOOP ( 'NONE', ( #1405, #1275, #540, #561 ) ) ;
#304 = DIRECTION ( 'NONE',  ( -0.9659258262890703106, -0.2588190451025136340, 0.000000000000000000 ) ) ;
#305 = EDGE_CURVE ( 'NONE', #1269, #1047, #1236, .T. ) ;
#306 = FACE_OUTER_BOUND ( 'NONE', #496, .T. ) ;
#307 = LINE ( 'NONE', #782, #1389 ) ;
#308 = ORIENTED_EDGE ( 'NONE', *, *, #259, .T. ) ;
#309 = LINE ( 'NONE', #86, #1039 ) ;
#310 = VECTOR ( 'NONE', #6, 1000.000000000000000 ) ;
#311 = LINE ( 'NONE', #1386, #695 ) ;
#312 = EDGE_LOOP ( 'NONE', ( #267, #914, #683, #905 ) ) ;
#313 = EDGE_CURVE ( 'NONE', #389, #370, #39, .T. ) ;
#314 = CIRCLE ( 'NONE', #1067, 0.2499999999999997780 ) ;
#315 = LINE ( 'NONE', #641, #248 ) ;
#316 = CARTESIAN_POINT ( 'NONE',  ( 0.000000000000000000, 0.000000000000000000, 0.000000000000000000 ) ) ;
#317 = ORIENTED_EDGE ( 'NONE', *, *, #1553, .T. ) ;
#318 = LINE ( 'NONE', #465, #368 ) ;
#319 = CARTESIAN_POINT ( 'NONE',  ( 2.200000000000000178, 0.7500000000000000000, 0.8000000000000000444 ) ) ;
#320 = ORIENTED_EDGE ( 'NONE', *, *, #1427, .F. ) ;
#321 = VERTEX_POINT ( 'NONE', #1447 ) ;
#322 = PLANE ( 'NONE',  #884 ) ;
#323 = ADVANCED_FACE ( 'NONE', ( #30 ), #161, .F. ) ;
#324 = ORIENTED_EDGE ( 'NONE', *, *, #33, .F. ) ;
#325 = PLANE ( 'NONE',  #1225 ) ;
#326 = MECHANICAL_DESIGN_GEOMETRIC_PRESENTATION_REPRESENTATION (  '', ( #97 ), #831 ) ;
#327 = ORIENTED_EDGE ( 'NONE', *, *, #1093, .T. ) ;
#328 = LINE ( 'NONE', #190, #1259 ) ;
#329 = CIRCLE ( 'NONE', #1397, 0.09999999999999982514 ) ;
#330 = CARTESIAN_POINT ( 'NONE',  ( 2.159807621135334532, 0.5999999999999999778, -0.8000000000000000444 ) ) ;
#331 = DIRECTION ( 'NONE',  ( -4.818676322157810194E-16, -1.000000000000000000, 0.000000000000000000 ) ) ;
#332 = ORIENTED_EDGE ( 'NONE', *, *, #923, .T. ) ;
#333 = EDGE_CURVE ( 'NONE', #1255, #713, #144, .T. ) ;
#334 = CARTESIAN_POINT ( 'NONE',  ( -2.200000000000000178, 0.7500000000000000000, -0.4000000000000000222 ) ) ;
#335 = DIRECTION ( 'NONE',  ( 1.000000000000000000, 0.000000000000000000, 0.000000000000000000 ) ) ;
#336 = ORIENTED_EDGE ( 'NONE', *, *, #305, .T. ) ;
#337 = CARTESIAN_POINT ( 'NONE',  ( -2.764095153158665052, 0.01983787066697719967, 0.8000000000000000444 ) ) ;
#338 = ORIENTED_EDGE ( 'NONE', *, *, #1553, .F. ) ;
#339 = CARTESIAN_POINT ( 'NONE',  ( 2.770638061263464902, 0.1696951039042554898, 0.8000000000000000444 ) ) ;
#340 = VECTOR ( 'NONE', #1321, 1000.000000000000000 ) ;
#341 = FACE_OUTER_BOUND ( 'NONE', #365, .T. ) ;
#342 = EDGE_LOOP ( 'NONE', ( #1421, #1402, #1510, #607 ) ) ;
#343 = DIRECTION ( 'NONE',  ( 0.000000000000000000, 0.000000000000000000, -1.000000000000000000 ) ) ;
#344 = VECTOR ( 'NONE', #921, 1000.000000000000000 ) ;
#345 = ADVANCED_FACE ( 'NONE', ( #638 ), #393, .F. ) ;
#346 = CARTESIAN_POINT ( 'NONE',  ( 2.200000000000000178, 0.7500000000000000000, 0.4000000000000000222 ) ) ;
#347 = VECTOR ( 'NONE', #1160, 1000.000000000000000 ) ;
#348 = CARTESIAN_POINT ( 'NONE',  ( 2.774999999999999911, 0.2695999260624414862, 0.8000000000000000444 ) ) ;
#349 = ORIENTED_EDGE ( 'NONE', *, *, #1050, .F. ) ;
#350 = LINE ( 'NONE', #110, #223 ) ;
#351 = VERTEX_POINT ( 'NONE', #505 ) ;
#352 = CARTESIAN_POINT ( 'NONE',  ( 2.425000000000000266, 0.5999999999999999778, 0.8000000000000000444 ) ) ;
#353 = COLOUR_RGB ( '',0.7921568627450980005, 0.8196078431372548767, 0.9333333333333333481 ) ;
#354 = ORIENTED_EDGE ( 'NONE', *, *, #721, .F. ) ;
#355 = EDGE_CURVE ( 'NONE', #182, #807, #1201, .T. ) ;
#356 = PLANE ( 'NONE',  #1491 ) ;
#357 = ORIENTED_EDGE ( 'NONE', *, *, #575, .F. ) ;
#358 = CARTESIAN_POINT ( 'NONE',  ( 2.200000000000000178, 0.7500000000000000000, 1.925000000000000044 ) ) ;
#359 = ORIENTED_EDGE ( 'NONE', *, *, #1033, .T. ) ;
#360 = PLANE ( 'NONE',  #1246 ) ;
#361 = ORIENTED_EDGE ( 'NONE', *, *, #1081, .F. ) ;
#362 = LINE ( 'NONE', #1319, #645 ) ;
#363 = ORIENTED_EDGE ( 'NONE', *, *, #1081, .T. ) ;
#364 = DIRECTION ( 'NONE',  ( 0.000000000000000000, 0.000000000000000000, -1.000000000000000000 ) ) ;
#365 = EDGE_LOOP ( 'NONE', ( #1336, #1380, #783, #922 ) ) ;
#366 = CARTESIAN_POINT ( 'NONE',  ( -2.674999999999999822, 0.2695999260624414862, -0.8000000000000000444 ) ) ;
#367 = EDGE_CURVE ( 'NONE', #755, #182, #1095, .T. ) ;
#368 = VECTOR ( 'NONE', #431, 1000.000000000000114 ) ;
#369 = DIRECTION ( 'NONE',  ( 0.000000000000000000, 0.000000000000000000, -1.000000000000000000 ) ) ;
#370 = VERTEX_POINT ( 'NONE', #999 ) ;
#371 = LINE ( 'NONE', #243, #1241 ) ;
#372 = VERTEX_POINT ( 'NONE', #379 ) ;
#373 = CARTESIAN_POINT ( 'NONE',  ( 2.425000000000000266, 0.5999999999999999778, 0.8000000000000000444 ) ) ;
#374 = CARTESIAN_POINT ( 'NONE',  ( 2.200000000000000178, 0.5999999999999999778, 0.4000000000000000222 ) ) ;
#375 = DIRECTION ( 'NONE',  ( -0.9990482215818577982, 0.04361938736533548661, 0.000000000000000000 ) ) ;
#376 = CIRCLE ( 'NONE', #548, 0.09999999999999982514 ) ;
#377 = VECTOR ( 'NONE', #386, 1000.000000000000000 ) ;
#378 = ADVANCED_FACE ( 'NONE', ( #1471 ), #1454, .F. ) ;
#379 = CARTESIAN_POINT ( 'NONE',  ( 3.218457091895200239, 4.878909776184769953E-16, -0.8000000000000000444 ) ) ;
#380 = CARTESIAN_POINT ( 'NONE',  ( -2.052627944162884965, 1.300000000000000044, -1.925000000000000044 ) ) ;
#381 = VERTEX_POINT ( 'NONE', #282 ) ;
#382 = LINE ( 'NONE', #1090, #949 ) ;
#383 = ORIENTED_EDGE ( 'NONE', *, *, #827, .F. ) ;
#384 = AXIS2_PLACEMENT_3D ( 'NONE', #316, #579, #335 ) ;
#385 = LINE ( 'NONE', #878, #619 ) ;
#386 = DIRECTION ( 'NONE',  ( 0.000000000000000000, 0.000000000000000000, -1.000000000000000000 ) ) ;
#387 = EDGE_CURVE ( 'NONE', #196, #702, #314, .T. ) ;
#388 = LINE ( 'NONE', #865, #494 ) ;
#389 = VERTEX_POINT ( 'NONE', #1324 ) ;
#390 = CARTESIAN_POINT ( 'NONE',  ( -2.764095153158665052, 0.01983787066697724824, 0.4000000000000000222 ) ) ;
#391 = ORIENTED_EDGE ( 'NONE', *, *, #1133, .F. ) ;
#392 = LINE ( 'NONE', #366, #69 ) ;
#393 = PLANE ( 'NONE',  #790 ) ;
#394 = VECTOR ( 'NONE', #996, 1000.000000000000000 ) ;
#395 = CARTESIAN_POINT ( 'NONE',  ( 2.425000000000000266, 0.5000000000000000000, 0.8000000000000000444 ) ) ;
#396 = ORIENTED_EDGE ( 'NONE', *, *, #1227, .T. ) ;
#397 = DIRECTION ( 'NONE',  ( 1.882294834296520253E-15, 1.000000000000000000, 0.000000000000000000 ) ) ;
#398 = DIRECTION ( 'NONE',  ( 0.000000000000000000, 0.000000000000000000, -1.000000000000000000 ) ) ;
#399 = ADVANCED_FACE ( 'NONE', ( #1104 ), #1209, .F. ) ;
#400 = DIRECTION ( 'NONE',  ( -0.000000000000000000, 1.000000000000000000, 0.000000000000000000 ) ) ;
#401 = CARTESIAN_POINT ( 'NONE',  ( -2.425000000000000266, 0.5000000000000000000, 0.8000000000000000444 ) ) ;
#402 = COLOUR_RGB ( '',0.7921568627450980005, 0.8196078431372548767, 0.9333333333333333481 ) ;
#403 = DIRECTION ( 'NONE',  ( 1.000000000000000000, 4.818676322157810194E-16, 0.000000000000000000 ) ) ;
#404 = ORIENTED_EDGE ( 'NONE', *, *, #1258, .T. ) ;
#405 = CARTESIAN_POINT ( 'NONE',  ( -2.674999999999999822, 0.5000000000000000000, 0.8000000000000000444 ) ) ;
#406 = FACE_OUTER_BOUND ( 'NONE', #103, .T. ) ;
#407 = ADVANCED_FACE ( 'NONE', ( #1005 ), #409, .F. ) ;
#408 = FILL_AREA_STYLE ('',( #537 ) ) ;
#409 = PLANE ( 'NONE',  #1350 ) ;
#410 = AXIS2_PLACEMENT_3D ( 'NONE', #950, #1292, #1307 ) ;
#411 = DIRECTION ( 'NONE',  ( 1.000000000000000000, 0.000000000000000000, 0.000000000000000000 ) ) ;
#412 = ORIENTED_EDGE ( 'NONE', *, *, #77, .T. ) ;
#413 = LINE ( 'NONE', #1496, #1538 ) ;
#414 = EDGE_CURVE ( 'NONE', #389, #442, #476, .T. ) ;
#415 = CARTESIAN_POINT ( 'NONE',  ( 2.425000000000000266, 0.7500000000000000000, 0.8000000000000000444 ) ) ;
#416 = VERTEX_POINT ( 'NONE', #1391 ) ;
#417 = SURFACE_STYLE_FILL_AREA ( #756 ) ;
#418 = VECTOR ( 'NONE', #1086, 1000.000000000000000 ) ;
#419 = MECHANICAL_DESIGN_GEOMETRIC_PRESENTATION_REPRESENTATION (  '', ( #1064 ), #184 ) ;
#420 = VECTOR ( 'NONE', #1108, 1000.000000000000000 ) ;
#421 = DIRECTION ( 'NONE',  ( 2.826593946552469805E-16, 2.986025116048380297E-32, 1.000000000000000000 ) ) ;
#422 = VECTOR ( 'NONE', #199, 1000.000000000000000 ) ;
#423 = EDGE_CURVE ( 'NONE', #1047, #1282, #453, .T. ) ;
#424 = DIRECTION ( 'NONE',  ( 1.000000000000000000, 0.000000000000000000, 0.000000000000000000 ) ) ;
#425 = VECTOR ( 'NONE', #1192, 1000.000000000000000 ) ;
#426 = VERTEX_POINT ( 'NONE', #1299 ) ;
#427 = CARTESIAN_POINT ( 'NONE',  ( -2.159807621135334532, 0.5999999999999999778, 0.8000000000000000444 ) ) ;
#428 = CARTESIAN_POINT ( 'NONE',  ( 2.524999999999999911, 0.5000000000000000000, 0.8000000000000000444 ) ) ;
#429 = EDGE_CURVE ( 'NONE', #286, #1062, #570, .T. ) ;
#430 = ORIENTED_EDGE ( 'NONE', *, *, #14, .T. ) ;
#431 = DIRECTION ( 'NONE',  ( -0.2588190451025140226, 0.9659258262890700886, 0.000000000000000000 ) ) ;
#432 = ADVANCED_FACE ( 'NONE', ( #1528 ), #322, .F. ) ;
#433 = DIRECTION ( 'NONE',  ( 0.000000000000000000, 0.000000000000000000, -1.000000000000000000 ) ) ;
#434 = ORIENTED_EDGE ( 'NONE', *, *, #885, .F. ) ;
#435 = LINE ( 'NONE', #927, #728 ) ;
#436 = ORIENTED_EDGE ( 'NONE', *, *, #299, .F. ) ;
#437 = CARTESIAN_POINT ( 'NONE',  ( -2.025833024919774683, 0.1000000000000000056, 1.925000000000000044 ) ) ;
#438 = VECTOR ( 'NONE', #962, 1000.000000000000000 ) ;
#439 = EDGE_CURVE ( 'NONE', #1206, #1066, #1168, .T. ) ;
#440 = LINE ( 'NONE', #1527, #344 ) ;
#441 = EDGE_LOOP ( 'NONE', ( #1163, #846, #941, #146 ) ) ;
#442 = VERTEX_POINT ( 'NONE', #92 ) ;
#443 = PLANE ( 'NONE',  #533 ) ;
#444 = ORIENTED_EDGE ( 'NONE', *, *, #644, .T. ) ;
#445 = DIRECTION ( 'NONE',  ( 0.2588190451025135785, -0.9659258262890701996, 0.000000000000000000 ) ) ;
#446 = ORIENTED_EDGE ( 'NONE', *, *, #1308, .F. ) ;
#447 = CYLINDRICAL_SURFACE ( 'NONE', #37, 0.09999999999999982514 ) ;
#448 = VECTOR ( 'NONE', #1260, 1000.000000000000000 ) ;
#449 = VECTOR ( 'NONE', #991, 1000.000000000000000 ) ;
#450 = CARTESIAN_POINT ( 'NONE',  ( 2.764095153158665052, 0.01983787066697719967, 0.8000000000000000444 ) ) ;
#451 = ORIENTED_EDGE ( 'NONE', *, *, #1338, .F. ) ;
#452 = EDGE_CURVE ( 'NONE', #1514, #286, #1274, .T. ) ;
#453 = LINE ( 'NONE', #1281, #1010 ) ;
#454 = ORIENTED_EDGE ( 'NONE', *, *, #1153, .T. ) ;
#455 = CARTESIAN_POINT ( 'NONE',  ( -2.200000000000000178, 0.7500000000000000000, -0.4000000000000000222 ) ) ;
#456 = AXIS2_PLACEMENT_3D ( 'NONE', #1000, #873, #276 ) ;
#457 = ORIENTED_EDGE ( 'NONE', *, *, #423, .F. ) ;
#458 = DIRECTION ( 'NONE',  ( 1.000000000000000000, 0.000000000000000000, 0.000000000000000000 ) ) ;
#459 = DIRECTION ( 'NONE',  ( 0.000000000000000000, 0.000000000000000000, -1.000000000000000000 ) ) ;
#460 = LINE ( 'NONE', #468, #760 ) ;
#461 = ORIENTED_EDGE ( 'NONE', *, *, #452, .T. ) ;
#462 = EDGE_CURVE ( 'NONE', #203, #609, #818, .T. ) ;
#463 = LINE ( 'NONE', #250, #901 ) ;
#464 = EDGE_LOOP ( 'NONE', ( #1290, #201, #834, #1548, #1465, #836 ) ) ;
#465 = CARTESIAN_POINT ( 'NONE',  ( 2.200000000000000178, 0.7500000000000000000, -1.925000000000000044 ) ) ;
#466 = DIRECTION ( 'NONE',  ( 0.000000000000000000, -1.000000000000000000, 0.000000000000000000 ) ) ;
#467 = ORIENTED_EDGE ( 'NONE', *, *, #866, .F. ) ;
#468 = CARTESIAN_POINT ( 'NONE',  ( -2.200000000000000178, 0.7500000000000000000, -1.925000000000000044 ) ) ;
#469 = AXIS2_PLACEMENT_3D ( 'NONE', #1213, #2, #1425 ) ;
#470 = ORIENTED_EDGE ( 'NONE', *, *, #281, .F. ) ;
#471 = EDGE_CURVE ( 'NONE', #500, #1530, #560, .T. ) ;
#472 = EDGE_LOOP ( 'NONE', ( #966, #260, #1078, #1169 ) ) ;
#473 = CARTESIAN_POINT ( 'NONE',  ( 2.425000000000000266, 0.5000000000000000000, 0.8000000000000000444 ) ) ;
#474 = ORIENTED_EDGE ( 'NONE', *, *, #1204, .T. ) ;
#475 = LINE ( 'NONE', #19, #57 ) ;
#476 = LINE ( 'NONE', #1044, #676 ) ;
#477 = VERTEX_POINT ( 'NONE', #1058 ) ;
#478 = UNCERTAINTY_MEASURE_WITH_UNIT (LENGTH_MEASURE( 1.000000000000000082E-05 ), #1353, 'distance_accuracy_value', 'NONE');
#479 = CARTESIAN_POINT ( 'NONE',  ( -2.770638061263464902, 0.1696951039042554898, 0.8000000000000000444 ) ) ;
#480 = DIRECTION ( 'NONE',  ( -1.000000000000000000, 1.882294834296520253E-15, 0.000000000000000000 ) ) ;
#481 = CARTESIAN_POINT ( 'NONE',  ( -2.674999999999999822, 0.2695999260624414862, 0.8000000000000000444 ) ) ;
#482 = ORIENTED_EDGE ( 'NONE', *, *, #281, .T. ) ;
#483 = EDGE_CURVE ( 'NONE', #477, #1062, #460, .T. ) ;
#484 = VECTOR ( 'NONE', #720, 1000.000000000000000 ) ;
#485 = LINE ( 'NONE', #967, #418 ) ;
#486 = CARTESIAN_POINT ( 'NONE',  ( -2.764095153158665052, 0.01983787066697719967, -0.4000000000000000222 ) ) ;
#487 = ORIENTED_EDGE ( 'NONE', *, *, #1354, .T. ) ;
#488 = DIRECTION ( 'NONE',  ( 1.000000000000000000, 0.000000000000000000, 0.000000000000000000 ) ) ;
#489 = DIRECTION ( 'NONE',  ( 0.000000000000000000, 0.000000000000000000, -1.000000000000000000 ) ) ;
#490 = LINE ( 'NONE', #374, #670 ) ;
#491 = ADVANCED_FACE ( 'NONE', ( #808 ), #1406, .F. ) ;
#492 = LINE ( 'NONE', #174, #1490 ) ;
#493 = AXIS2_PLACEMENT_3D ( 'NONE', #160, #433, #38 ) ;
#494 = VECTOR ( 'NONE', #297, 1000.000000000000000 ) ;
#495 = DIRECTION ( 'NONE',  ( 0.000000000000000000, 0.000000000000000000, -1.000000000000000000 ) ) ;
#496 = EDGE_LOOP ( 'NONE', ( #101, #53, #1376, #1546 ) ) ;
#497 = DIRECTION ( 'NONE',  ( -0.04361938736533708255, -0.9990482215818576872, 0.000000000000000000 ) ) ;
#498 = ORIENTED_EDGE ( 'NONE', *, *, #994, .F. ) ;
#499 = DIRECTION ( 'NONE',  ( 0.000000000000000000, 0.000000000000000000, -1.000000000000000000 ) ) ;
#500 = VERTEX_POINT ( 'NONE', #1158 ) ;
#501 = VECTOR ( 'NONE', #51, 1000.000000000000000 ) ;
#502 = PLANE ( 'NONE',  #893 ) ;
#503 = EDGE_CURVE ( 'NONE', #121, #1195, #81, .T. ) ;
#504 = VECTOR ( 'NONE', #1345, 1000.000000000000000 ) ;
#505 = CARTESIAN_POINT ( 'NONE',  ( -2.425000000000000266, 0.7500000000000000000, 0.4000000000000000222 ) ) ;
#506 = CARTESIAN_POINT ( 'NONE',  ( 2.674999999999999822, 0.2695999260624414862, -0.8000000000000000444 ) ) ;
#507 = VERTEX_POINT ( 'NONE', #1547 ) ;
#508 = DIRECTION ( 'NONE',  ( 1.882294834296520253E-15, -1.000000000000000000, 0.000000000000000000 ) ) ;
#509 = EDGE_LOOP ( 'NONE', ( #26, #1390, #1502, #1151 ) ) ;
#510 = DIRECTION ( 'NONE',  ( 1.000000000000000000, 0.000000000000000000, 1.193104087349831802E-16 ) ) ;
#511 = LINE ( 'NONE', #736, #377 ) ;
#512 = ADVANCED_FACE ( 'NONE', ( #106 ), #703, .F. ) ;
#513 = DIRECTION ( 'NONE',  ( 1.882294834296520253E-15, -1.000000000000000000, 0.000000000000000000 ) ) ;
#514 = ORIENTED_EDGE ( 'NONE', *, *, #333, .T. ) ;
#515 = CARTESIAN_POINT ( 'NONE',  ( 2.764095153158665052, 0.01983787066697719967, 0.8000000000000000444 ) ) ;
#516 = CARTESIAN_POINT ( 'NONE',  ( 2.425000000000000266, 0.5000000000000000000, -0.8000000000000000444 ) ) ;
#517 = DIRECTION ( 'NONE',  ( 1.000000000000000000, 7.223883972578280667E-16, 0.000000000000000000 ) ) ;
#518 = CARTESIAN_POINT ( 'NONE',  ( -2.524999999999999911, 0.5000000000000000000, 0.8000000000000000444 ) ) ;
#519 = VECTOR ( 'NONE', #1122, 1000.000000000000000 ) ;
#520 = FACE_OUTER_BOUND ( 'NONE', #1244, .T. ) ;
#521 = EDGE_CURVE ( 'NONE', #1561, #755, #1429, .T. ) ;
#522 = ORIENTED_EDGE ( 'NONE', *, *, #1464, .F. ) ;
#523 = FACE_OUTER_BOUND ( 'NONE', #472, .T. ) ;
#524 = CARTESIAN_POINT ( 'NONE',  ( 2.200000000000000178, 0.7500000000000000000, 0.8000000000000000444 ) ) ;
#525 = SURFACE_SIDE_STYLE ('',( #280 ) ) ;
#526 = DIRECTION ( 'NONE',  ( -3.611941986289134910E-16, 1.000000000000000000, 0.000000000000000000 ) ) ;
#527 = CARTESIAN_POINT ( 'NONE',  ( 2.200000000000000178, 0.7500000000000000000, 0.8000000000000000444 ) ) ;
#528 = ORIENTED_EDGE ( 'NONE', *, *, #1437, .T. ) ;
#529 = CARTESIAN_POINT ( 'NONE',  ( -2.200000000000000178, 0.5999999999999999778, -0.8000000000000000444 ) ) ;
#530 = EDGE_CURVE ( 'NONE', #1379, #500, #329, .T. ) ;
#531 = CARTESIAN_POINT ( 'NONE',  ( 2.052627944162884965, 1.300000000000000044, 1.925000000000000044 ) ) ;
#532 =( GEOMETRIC_REPRESENTATION_CONTEXT ( 3 ) GLOBAL_UNCERTAINTY_ASSIGNED_CONTEXT ( ( #856 ) ) GLOBAL_UNIT_ASSIGNED_CONTEXT ( ( #928, #1025, #685 ) ) REPRESENTATION_CONTEXT ( 'NONE', 'WORKASPACE' ) );
#533 = AXIS2_PLACEMENT_3D ( 'NONE', #132, #1330, #12 ) ;
#534 = PLANE ( 'NONE',  #66 ) ;
#535 = ORIENTED_EDGE ( 'NONE', *, *, #904, .F. ) ;
#536 = LINE ( 'NONE', #875, #872 ) ;
#537 = FILL_AREA_STYLE_COLOUR ( '', #1016 ) ;
#538 = ADVANCED_FACE ( 'NONE', ( #711 ), #1068, .F. ) ;
#539 = DIRECTION ( 'NONE',  ( -1.000000000000000000, 0.000000000000000000, 0.000000000000000000 ) ) ;
#540 = ORIENTED_EDGE ( 'NONE', *, *, #530, .T. ) ;
#541 = DIRECTION ( 'NONE',  ( 0.000000000000000000, 0.000000000000000000, -1.000000000000000000 ) ) ;
#542 = CIRCLE ( 'NONE', #469, 0.2500000000000002220 ) ;
#543 = ADVANCED_FACE ( 'NONE', ( #1512 ), #443, .F. ) ;
#544 = VECTOR ( 'NONE', #825, 1000.000000000000000 ) ;
#545 = EDGE_CURVE ( 'NONE', #93, #1211, #392, .T. ) ;
#546 = SURFACE_STYLE_USAGE ( .BOTH. , #59 ) ;
#547 = FILL_AREA_STYLE ('',( #1383 ) ) ;
#548 = AXIS2_PLACEMENT_3D ( 'NONE', #516, #830, #1178 ) ;
#549 = EDGE_LOOP ( 'NONE', ( #804, #446, #1040, #842 ) ) ;
#550 = DIRECTION ( 'NONE',  ( -1.000000000000000000, 0.000000000000000000, 1.193104087349831802E-16 ) ) ;
#551 = DIRECTION ( 'NONE',  ( 0.9990482215818577982, -0.04361938736533549354, 0.000000000000000000 ) ) ;
#552 = CIRCLE ( 'NONE', #1145, 0.09999999999999982514 ) ;
#553 = CARTESIAN_POINT ( 'NONE',  ( 2.200000000000000178, 0.5999999999999999778, 0.8000000000000000444 ) ) ;
#554 = ADVANCED_FACE ( 'NONE', ( #142 ), #1438, .T. ) ;
#555 = ORIENTED_EDGE ( 'NONE', *, *, #205, .T. ) ;
#556 = DIRECTION ( 'NONE',  ( 1.000000000000000000, 0.000000000000000000, 0.000000000000000000 ) ) ;
#557 = PLANE ( 'NONE',  #1446 ) ;
#558 = ORIENTED_EDGE ( 'NONE', *, *, #471, .F. ) ;
#559 = ORIENTED_EDGE ( 'NONE', *, *, #659, .T. ) ;
#560 = LINE ( 'NONE', #339, #1079 ) ;
#561 = ORIENTED_EDGE ( 'NONE', *, *, #751, .T. ) ;
#562 = DIRECTION ( 'NONE',  ( -1.000000000000000000, 0.000000000000000000, 0.000000000000000000 ) ) ;
#563 = ORIENTED_EDGE ( 'NONE', *, *, #934, .T. ) ;
#564 = CARTESIAN_POINT ( 'NONE',  ( -2.425000000000000266, 0.7500000000000000000, -0.4000000000000000222 ) ) ;
#565 = EDGE_CURVE ( 'NONE', #1322, #426, #735, .T. ) ;
#566 = COLOUR_RGB ( '',0.7921568627450980005, 0.8196078431372548767, 0.9333333333333333481 ) ;
#567 = CARTESIAN_POINT ( 'NONE',  ( 2.764095153158665052, 0.01983787066697719967, -0.8000000000000000444 ) ) ;
#568 = ORIENTED_EDGE ( 'NONE', *, *, #44, .F. ) ;
#569 = ORIENTED_EDGE ( 'NONE', *, *, #615, .T. ) ;
#570 = LINE ( 'NONE', #1051, #1559 ) ;
#571 = CARTESIAN_POINT ( 'NONE',  ( -2.425000000000000266, 0.5999999999999999778, -0.8000000000000000444 ) ) ;
#572 = ORIENTED_EDGE ( 'NONE', *, *, #429, .F. ) ;
#573 = VECTOR ( 'NONE', #968, 1000.000000000000000 ) ;
#574 = CARTESIAN_POINT ( 'NONE',  ( -2.524999999999999911, 0.5000000000000000000, -0.8000000000000000444 ) ) ;
#575 = EDGE_CURVE ( 'NONE', #971, #222, #752, .T. ) ;
#576 = DIRECTION ( 'NONE',  ( 0.000000000000000000, 0.000000000000000000, -1.000000000000000000 ) ) ;
#577 = ORIENTED_EDGE ( 'NONE', *, *, #934, .F. ) ;
#578 = CARTESIAN_POINT ( 'NONE',  ( -2.159807621135334532, 0.5999999999999999778, 0.8000000000000000444 ) ) ;
#579 = DIRECTION ( 'NONE',  ( 0.000000000000000000, 0.000000000000000000, 1.000000000000000000 ) ) ;
#580 = VECTOR ( 'NONE', #513, 1000.000000000000000 ) ;
#581 = ORIENTED_EDGE ( 'NONE', *, *, #1060, .T. ) ;
#582 = DIRECTION ( 'NONE',  ( 0.000000000000000000, 0.000000000000000000, -1.000000000000000000 ) ) ;
#583 = LINE ( 'NONE', #1156, #87 ) ;
#584 = CARTESIAN_POINT ( 'NONE',  ( -2.200000000000000178, 0.7500000000000000000, 0.8000000000000000444 ) ) ;
#585 = EDGE_CURVE ( 'NONE', #704, #1224, #4, .T. ) ;
#586 = ORIENTED_EDGE ( 'NONE', *, *, #1373, .T. ) ;
#587 = CARTESIAN_POINT ( 'NONE',  ( 2.025833024919774683, 0.1000000000000000056, 1.925000000000000044 ) ) ;
#588 = CARTESIAN_POINT ( 'NONE',  ( -2.200000000000000178, 0.7500000000000000000, 0.4000000000000000222 ) ) ;
#589 = EDGE_LOOP ( 'NONE', ( #451, #1327, #1310, #9 ) ) ;
#590 = AXIS2_PLACEMENT_3D ( 'NONE', #427, #304, #889 ) ;
#591 = DIRECTION ( 'NONE',  ( 1.000000000000000000, 4.818676322157810194E-16, 0.000000000000000000 ) ) ;
#592 = ORIENTED_EDGE ( 'NONE', *, *, #1464, .T. ) ;
#593 = VECTOR ( 'NONE', #857, 1000.000000000000000 ) ;
#594 = FACE_OUTER_BOUND ( 'NONE', #1554, .T. ) ;
#595 = ADVANCED_FACE ( 'NONE', ( #1226 ), #1315, .F. ) ;
#596 = EDGE_LOOP ( 'NONE', ( #320, #586, #1556, #535 ) ) ;
#597 = CARTESIAN_POINT ( 'NONE',  ( 3.218457091895200239, 4.878909776184769953E-16, 0.8000000000000000444 ) ) ;
#598 = CARTESIAN_POINT ( 'NONE',  ( -2.674999999999999822, 0.2695999260624414862, 0.8000000000000000444 ) ) ;
#599 = ORIENTED_EDGE ( 'NONE', *, *, #1243, .T. ) ;
#600 = VECTOR ( 'NONE', #854, 1000.000000000000000 ) ;
#601 = CARTESIAN_POINT ( 'NONE',  ( 2.774999999999999911, 0.2695999260624414862, -0.8000000000000000444 ) ) ;
#602 = DIRECTION ( 'NONE',  ( 0.000000000000000000, 0.000000000000000000, -1.000000000000000000 ) ) ;
#603 = ORIENTED_EDGE ( 'NONE', *, *, #710, .T. ) ;
#604 = CARTESIAN_POINT ( 'NONE',  ( 2.674999999999999822, 0.2695999260624414862, 0.8000000000000000444 ) ) ;
#605 = ADVANCED_FACE ( 'NONE', ( #998 ), #502, .F. ) ;
#606 = VECTOR ( 'NONE', #175, 1000.000000000000000 ) ;
#607 = ORIENTED_EDGE ( 'NONE', *, *, #1212, .T. ) ;
#608 = DIRECTION ( 'NONE',  ( -1.000000000000000000, -3.611941986289139840E-16, 0.000000000000000000 ) ) ;
#609 = VERTEX_POINT ( 'NONE', #29 ) ;
#610 = VECTOR ( 'NONE', #591, 1000.000000000000000 ) ;
#611 = CARTESIAN_POINT ( 'NONE',  ( 2.200000000000000178, 0.5999999999999999778, 0.8000000000000000444 ) ) ;
#612 = DIRECTION ( 'NONE',  ( 0.000000000000000000, 0.000000000000000000, -1.000000000000000000 ) ) ;
#613 = DIRECTION ( 'NONE',  ( 0.000000000000000000, 0.000000000000000000, -1.000000000000000000 ) ) ;
#614 = EDGE_LOOP ( 'NONE', ( #349, #1460, #792, #1177 ) ) ;
#615 = EDGE_CURVE ( 'NONE', #704, #1514, #385, .T. ) ;
#616 = CARTESIAN_POINT ( 'NONE',  ( -2.425000000000000266, 0.5999999999999999778, 0.8000000000000000444 ) ) ;
#617 = CARTESIAN_POINT ( 'NONE',  ( 2.200000000000000178, 0.7500000000000000000, 1.925000000000000044 ) ) ;
#618 = DIRECTION ( 'NONE',  ( 0.000000000000000000, 0.000000000000000000, 1.000000000000000000 ) ) ;
#619 = VECTOR ( 'NONE', #263, 1000.000000000000000 ) ;
#620 = VECTOR ( 'NONE', #664, 1000.000000000000114 ) ;
#621 = CARTESIAN_POINT ( 'NONE',  ( -2.200000000000000178, 0.7500000000000000000, 0.8000000000000000444 ) ) ;
#622 = CIRCLE ( 'NONE', #896, 0.09999999999999982514 ) ;
#623 = LINE ( 'NONE', #1097, #1162 ) ;
#624 = ORIENTED_EDGE ( 'NONE', *, *, #565, .T. ) ;
#625 = CARTESIAN_POINT ( 'NONE',  ( -2.025833024919774683, 0.1000000000000000056, 1.925000000000000044 ) ) ;
#626 = ORIENTED_EDGE ( 'NONE', *, *, #647, .T. ) ;
#627 = AXIS2_PLACEMENT_3D ( 'NONE', #208, #939, #691 ) ;
#628 = CARTESIAN_POINT ( 'NONE',  ( 2.159807621135334532, 0.5999999999999999778, 0.8000000000000000444 ) ) ;
#629 = CIRCLE ( 'NONE', #145, 0.09999999999999982514 ) ;
#630 = ADVANCED_FACE ( 'NONE', ( #238 ), #729, .T. ) ;
#631 = CARTESIAN_POINT ( 'NONE',  ( 2.774999999999999911, 0.2695999260624414862, 0.8000000000000000444 ) ) ;
#632 = LINE ( 'NONE', #265, #1052 ) ;
#633 = ORIENTED_EDGE ( 'NONE', *, *, #355, .F. ) ;
#634 = CARTESIAN_POINT ( 'NONE',  ( -2.200000000000000178, 0.5999999999999999778, 0.8000000000000000444 ) ) ;
#635 = ORIENTED_EDGE ( 'NONE', *, *, #230, .F. ) ;
#636 = FACE_OUTER_BOUND ( 'NONE', #237, .T. ) ;
#637 = ADVANCED_FACE ( 'NONE', ( #1200 ), #115, .F. ) ;
#638 = FACE_OUTER_BOUND ( 'NONE', #1384, .T. ) ;
#639 = FACE_OUTER_BOUND ( 'NONE', #114, .T. ) ;
#640 = VERTEX_POINT ( 'NONE', #870 ) ;
#641 = CARTESIAN_POINT ( 'NONE',  ( -2.200000000000000178, 0.7500000000000000000, 0.4000000000000000222 ) ) ;
#642 = DIRECTION ( 'NONE',  ( 1.000000000000000000, 4.818676322157810194E-16, -2.826593946552469805E-16 ) ) ;
#643 = DIRECTION ( 'NONE',  ( 1.000000000000000000, 3.611941986289134910E-16, 0.000000000000000000 ) ) ;
#644 = EDGE_CURVE ( 'NONE', #1208, #1525, #125, .T. ) ;
#645 = VECTOR ( 'NONE', #732, 1000.000000000000000 ) ;
#646 = FACE_OUTER_BOUND ( 'NONE', #71, .T. ) ;
#647 = EDGE_CURVE ( 'NONE', #888, #381, #7, .T. ) ;
#648 = ORIENTED_EDGE ( 'NONE', *, *, #1256, .T. ) ;
#649 = CARTESIAN_POINT ( 'NONE',  ( 2.159807621135334532, 0.5999999999999999778, 0.8000000000000000444 ) ) ;
#650 = AXIS2_PLACEMENT_3D ( 'NONE', #5, #526, #643 ) ;
#651 = DIRECTION ( 'NONE',  ( 4.818676322157810194E-16, -1.000000000000000000, 0.000000000000000000 ) ) ;
#652 = ORIENTED_EDGE ( 'NONE', *, *, #955, .F. ) ;
#653 = DIRECTION ( 'NONE',  ( 0.000000000000000000, 0.000000000000000000, -1.000000000000000000 ) ) ;
#654 = ADVANCED_FACE ( 'NONE', ( #636 ), #1469, .F. ) ;
#655 =( NAMED_UNIT ( * ) SI_UNIT ( $, .STERADIAN. ) SOLID_ANGLE_UNIT ( ) );
#656 = CARTESIAN_POINT ( 'NONE',  ( -2.159807621135334532, 0.5999999999999999778, -0.4000000000000000222 ) ) ;
#657 = VERTEX_POINT ( 'NONE', #1558 ) ;
#658 = DIRECTION ( 'NONE',  ( 0.9659258262890703106, -0.2588190451025136340, 0.000000000000000000 ) ) ;
#659 = EDGE_CURVE ( 'NONE', #891, #807, #485, .T. ) ;
#660 = PLANE ( 'NONE',  #1291 ) ;
#661 = PLANE ( 'NONE',  #1476 ) ;
#662 = AXIS2_PLACEMENT_3D ( 'NONE', #473, #1187, #488 ) ;
#663 = EDGE_LOOP ( 'NONE', ( #709, #800, #1399, #1214, #771, #1432, #308, #563 ) ) ;
#664 = DIRECTION ( 'NONE',  ( -0.04361938736533708255, -0.9990482215818576872, 0.000000000000000000 ) ) ;
#665 = VECTOR ( 'NONE', #278, 1000.000000000000000 ) ;
#666 = CARTESIAN_POINT ( 'NONE',  ( 2.770638061263464902, 0.1696951039042554898, -0.8000000000000000444 ) ) ;
#667 = EDGE_CURVE ( 'NONE', #67, #926, #492, .T. ) ;
#668 = FACE_OUTER_BOUND ( 'NONE', #937, .T. ) ;
#669 = MANIFOLD_SOLID_BREP ( 'NONE', #699 ) ;
#670 = VECTOR ( 'NONE', #734, 1000.000000000000000 ) ;
#671 = ORIENTED_EDGE ( 'NONE', *, *, #992, .T. ) ;
#672 = FACE_OUTER_BOUND ( 'NONE', #342, .T. ) ;
#673 = CARTESIAN_POINT ( 'NONE',  ( -2.524999999999999911, 0.2695999260624414862, 0.8000000000000000444 ) ) ;
#674 = DIRECTION ( 'NONE',  ( -0.2588190451025140781, 0.9659258262890701996, 0.000000000000000000 ) ) ;
#675 = APPLICATION_PROTOCOL_DEFINITION ( 'draft international standard', 'automotive_design', 1998, #915 ) ;
#676 = VECTOR ( 'NONE', #210, 1000.000000000000000 ) ;
#677 = EDGE_LOOP ( 'NONE', ( #706, #83, #90, #1019, #1157, #270, #150, #558, #1458, #1286, #1184, #206 ) ) ;
#678 = LINE ( 'NONE', #1048, #212 ) ;
#679 = DIRECTION ( 'NONE',  ( -0.2588190451025136340, 0.9659258262890703106, 0.000000000000000000 ) ) ;
#680 = ORIENTED_EDGE ( 'NONE', *, *, #793, .F. ) ;
#681 = ADVANCED_BREP_SHAPE_REPRESENTATION ( 'BPW34S', ( #669, #133, #1176, #384 ), #532 ) ;
#682 = DIRECTION ( 'NONE',  ( 0.9990482215818577982, -0.04361938736533549354, 0.000000000000000000 ) ) ;
#683 = ORIENTED_EDGE ( 'NONE', *, *, #992, .F. ) ;
#684 = DIRECTION ( 'NONE',  ( -1.056403987452941775E-16, 1.000000000000000000, 0.000000000000000000 ) ) ;
#685 =( NAMED_UNIT ( * ) SI_UNIT ( $, .STERADIAN. ) SOLID_ANGLE_UNIT ( ) );
#686 = VERTEX_POINT ( 'NONE', #1138 ) ;
#687 = DIRECTION ( 'NONE',  ( -0.2588190451025140226, 0.9659258262890700886, 0.000000000000000000 ) ) ;
#688 = EDGE_CURVE ( 'NONE', #640, #1001, #1360, .T. ) ;
#689 = STYLED_ITEM ( 'NONE', ( #759 ), #669 ) ;
#690 = PRESENTATION_LAYER_ASSIGNMENT (  '', '', ( #1064 ) ) ;
#691 = DIRECTION ( 'NONE',  ( 1.000000000000000000, 0.000000000000000000, 0.000000000000000000 ) ) ;
#692 = DIRECTION ( 'NONE',  ( 0.000000000000000000, 0.000000000000000000, -1.000000000000000000 ) ) ;
#693 = ORIENTED_EDGE ( 'NONE', *, *, #452, .F. ) ;
#694 = UNCERTAINTY_MEASURE_WITH_UNIT (LENGTH_MEASURE( 1.000000000000000082E-05 ), #784, 'distance_accuracy_value', 'NONE');
#695 = VECTOR ( 'NONE', #1181, 1000.000000000000000 ) ;
#696 = DIRECTION ( 'NONE',  ( 0.9990482215818577982, 0.04361938736533614580, 1.191968516628893730E-16 ) ) ;
#697 = ORIENTED_EDGE ( 'NONE', *, *, #1267, .F. ) ;
#698 = FACE_OUTER_BOUND ( 'NONE', #303, .T. ) ;
#699 = CLOSED_SHELL ( 'NONE', ( #731, #118, #155, #1445, #1492, #50, #1508, #712, #1183, #1165, #1297, #605, #1194, #1363, #1325, #131, #1105, #654, #1537, #595 ) ) ;
#700 = ADVANCED_FACE ( 'NONE', ( #45 ), #883, .T. ) ;
#701 = CARTESIAN_POINT ( 'NONE',  ( 0.000000000000000000, 0.000000000000000000, -1.925000000000000044 ) ) ;
#702 = VERTEX_POINT ( 'NONE', #1478 ) ;
#703 = PLANE ( 'NONE',  #1273 ) ;
#704 = VERTEX_POINT ( 'NONE', #531 ) ;
#705 = LINE ( 'NONE', #722, #425 ) ;
#706 = ORIENTED_EDGE ( 'NONE', *, *, #1423, .F. ) ;
#707 = CARTESIAN_POINT ( 'NONE',  ( 2.025833024919774683, 0.1000000000000000056, 1.925000000000000044 ) ) ;
#708 = CARTESIAN_POINT ( 'NONE',  ( 2.159807621135334532, 0.5999999999999999778, 0.4000000000000000222 ) ) ;
#709 = ORIENTED_EDGE ( 'NONE', *, *, #1060, .F. ) ;
#710 = EDGE_CURVE ( 'NONE', #442, #963, #1161, .T. ) ;
#711 = FACE_OUTER_BOUND ( 'NONE', #1220, .T. ) ;
#712 = ADVANCED_FACE ( 'NONE', ( #780 ), #1367, .F. ) ;
#713 = VERTEX_POINT ( 'NONE', #649 ) ;
#714 = CARTESIAN_POINT ( 'NONE',  ( -2.200000000000000178, 0.7500000000000000000, 0.8000000000000000444 ) ) ;
#715 = ORIENTED_EDGE ( 'NONE', *, *, #1256, .F. ) ;
#716 = FACE_OUTER_BOUND ( 'NONE', #1517, .T. ) ;
#717 = DIRECTION ( 'NONE',  ( 0.000000000000000000, 0.000000000000000000, -1.000000000000000000 ) ) ;
#718 = ORIENTED_EDGE ( 'NONE', *, *, #152, .F. ) ;
#719 = VECTOR ( 'NONE', #582, 1000.000000000000000 ) ;
#720 = DIRECTION ( 'NONE',  ( 0.000000000000000000, 0.000000000000000000, -1.000000000000000000 ) ) ;
#721 = EDGE_CURVE ( 'NONE', #795, #351, #1485, .T. ) ;
#722 = CARTESIAN_POINT ( 'NONE',  ( -2.425000000000000266, 0.7500000000000000000, 0.8000000000000000444 ) ) ;
#723 = VERTEX_POINT ( 'NONE', #1253 ) ;
#724 = DIRECTION ( 'NONE',  ( 0.2588190451025135785, 0.9659258262890701996, -7.315763461392550367E-17 ) ) ;
#725 = ORIENTED_EDGE ( 'NONE', *, *, #64, .T. ) ;
#726 = LINE ( 'NONE', #616, #137 ) ;
#727 = VERTEX_POINT ( 'NONE', #890 ) ;
#728 = VECTOR ( 'NONE', #398, 1000.000000000000000 ) ;
#729 = CYLINDRICAL_SURFACE ( 'NONE', #1215, 0.2499999999999997780 ) ;
#730 = DIRECTION ( 'NONE',  ( -2.826593946552469805E-16, -2.986025116048380297E-32, -1.000000000000000000 ) ) ;
#731 = ADVANCED_FACE ( 'NONE', ( #295 ), #774, .F. ) ;
#732 = DIRECTION ( 'NONE',  ( 1.000000000000000000, 1.237622989176030087E-16, 0.000000000000000000 ) ) ;
#733 = LINE ( 'NONE', #481, #1340 ) ;
#734 = DIRECTION ( 'NONE',  ( 1.000000000000000000, 0.000000000000000000, -2.826593946552469805E-16 ) ) ;
#735 = CIRCLE ( 'NONE', #47, 0.2499999999999997780 ) ;
#736 = CARTESIAN_POINT ( 'NONE',  ( -2.425000000000000266, 0.5999999999999999778, 0.8000000000000000444 ) ) ;
#737 = DIRECTION ( 'NONE',  ( 0.000000000000000000, 0.000000000000000000, -1.000000000000000000 ) ) ;
#738 = ORIENTED_EDGE ( 'NONE', *, *, #811, .T. ) ;
#739 = LINE ( 'NONE', #373, #1018 ) ;
#740 = ORIENTED_EDGE ( 'NONE', *, *, #761, .T. ) ;
#741 = ADVANCED_FACE ( 'NONE', ( #306 ), #660, .F. ) ;
#742 = DIRECTION ( 'NONE',  ( -1.000000000000000000, 0.000000000000000000, 0.000000000000000000 ) ) ;
#743 = AXIS2_PLACEMENT_3D ( 'NONE', #1102, #990, #510 ) ;
#744 = FACE_OUTER_BOUND ( 'NONE', #874, .T. ) ;
#745 = VECTOR ( 'NONE', #947, 1000.000000000000000 ) ;
#746 = DIRECTION ( 'NONE',  ( 0.000000000000000000, 0.000000000000000000, -1.000000000000000000 ) ) ;
#747 = ORIENTED_EDGE ( 'NONE', *, *, #994, .T. ) ;
#748 = DIRECTION ( 'NONE',  ( -0.000000000000000000, 1.000000000000000000, 0.000000000000000000 ) ) ;
#749 = ORIENTED_EDGE ( 'NONE', *, *, #575, .T. ) ;
#750 = CIRCLE ( 'NONE', #977, 0.2500000000000002220 ) ;
#751 = EDGE_CURVE ( 'NONE', #500, #1306, #1234, .T. ) ;
#752 = LINE ( 'NONE', #974, #283 ) ;
#753 = DIRECTION ( 'NONE',  ( -1.882294834296520253E-15, -1.000000000000000000, 0.000000000000000000 ) ) ;
#754 = CARTESIAN_POINT ( 'NONE',  ( 2.159807621135334532, 0.5999999999999999778, 0.4000000000000000222 ) ) ;
#755 = VERTEX_POINT ( 'NONE', #1257 ) ;
#756 = FILL_AREA_STYLE ('',( #1359 ) ) ;
#757 = CARTESIAN_POINT ( 'NONE',  ( -2.025833024919774683, 0.1000000000000000056, 1.925000000000000044 ) ) ;
#758 = AXIS2_PLACEMENT_3D ( 'NONE', #395, #1124, #424 ) ;
#759 = PRESENTATION_STYLE_ASSIGNMENT (( #767 ) ) ;
#760 = VECTOR ( 'NONE', #940, 1000.000000000000114 ) ;
#761 = EDGE_CURVE ( 'NONE', #1306, #507, #185, .T. ) ;
#762 = DIRECTION ( 'NONE',  ( 0.000000000000000000, 0.000000000000000000, -1.000000000000000000 ) ) ;
#763 = EDGE_CURVE ( 'NONE', #209, #48, #750, .T. ) ;
#764 = CARTESIAN_POINT ( 'NONE',  ( -2.674999999999999822, 0.5000000000000000000, -0.8000000000000000444 ) ) ;
#765 = ORIENTED_EDGE ( 'NONE', *, *, #1009, .T. ) ;
#766 = LINE ( 'NONE', #529, #1217 ) ;
#767 = SURFACE_STYLE_USAGE ( .BOTH. , #525 ) ;
#768 = AXIS2_PLACEMENT_3D ( 'NONE', #587, #120, #1063 ) ;
#769 = ADVANCED_FACE ( 'NONE', ( #191 ), #806, .F. ) ;
#770 = LINE ( 'NONE', #1113, #124 ) ;
#771 = ORIENTED_EDGE ( 'NONE', *, *, #367, .T. ) ;
#772 = LINE ( 'NONE', #1013, #894 ) ;
#773 = VECTOR ( 'NONE', #459, 1000.000000000000000 ) ;
#774 = PLANE ( 'NONE',  #820 ) ;
#775 = VECTOR ( 'NONE', #1309, 1000.000000000000000 ) ;
#776 = CARTESIAN_POINT ( 'NONE',  ( 2.159807621135334532, 0.5999999999999999778, 0.8000000000000000444 ) ) ;
#777 = EDGE_CURVE ( 'NONE', #426, #1211, #1534, .T. ) ;
#778 = EDGE_LOOP ( 'NONE', ( #85, #1037, #123, #957, #1121, #1366 ) ) ;
#779 = LINE ( 'NONE', #1020, #394 ) ;
#780 = FACE_OUTER_BOUND ( 'NONE', #935, .T. ) ;
#781 = ORIENTED_EDGE ( 'NONE', *, *, #1023, .T. ) ;
#782 = CARTESIAN_POINT ( 'NONE',  ( -3.225000000000000089, 0.1498572332372792304, 0.8000000000000000444 ) ) ;
#783 = ORIENTED_EDGE ( 'NONE', *, *, #1127, .T. ) ;
#784 =( LENGTH_UNIT ( ) NAMED_UNIT ( * ) SI_UNIT ( .MILLI., .METRE. ) );
#785 = EDGE_CURVE ( 'NONE', #372, #888, #311, .T. ) ;
#786 =( LENGTH_UNIT ( ) NAMED_UNIT ( * ) SI_UNIT ( .MILLI., .METRE. ) );
#787 = VECTOR ( 'NONE', #343, 1000.000000000000000 ) ;
#788 = ORIENTED_EDGE ( 'NONE', *, *, #219, .T. ) ;
#789 = CARTESIAN_POINT ( 'NONE',  ( 2.200000000000000178, 0.7500000000000000000, 1.925000000000000044 ) ) ;
#790 = AXIS2_PLACEMENT_3D ( 'NONE', #518, #1348, #1118 ) ;
#791 = CARTESIAN_POINT ( 'NONE',  ( -2.159807621135334532, 0.5999999999999999778, 0.8000000000000000444 ) ) ;
#792 = ORIENTED_EDGE ( 'NONE', *, *, #503, .T. ) ;
#793 = EDGE_CURVE ( 'NONE', #1136, #1100, #899, .T. ) ;
#794 = LINE ( 'NONE', #757, #347 ) ;
#795 = VERTEX_POINT ( 'NONE', #1166 ) ;
#796 = CARTESIAN_POINT ( 'NONE',  ( 3.225000000000000089, 0.1498572332372792304, 0.8000000000000000444 ) ) ;
#797 = DIRECTION ( 'NONE',  ( 0.000000000000000000, 0.000000000000000000, 1.000000000000000000 ) ) ;
#798 = CARTESIAN_POINT ( 'NONE',  ( 2.425000000000000266, 0.7500000000000000000, 0.8000000000000000444 ) ) ;
#799 = AXIS2_PLACEMENT_3D ( 'NONE', #1357, #1230, #1342 ) ;
#800 = ORIENTED_EDGE ( 'NONE', *, *, #313, .T. ) ;
#801 = EDGE_CURVE ( 'NONE', #640, #1255, #1096, .T. ) ;
#802 = CARTESIAN_POINT ( 'NONE',  ( -2.159807621135334532, 0.5999999999999999778, 0.8000000000000000444 ) ) ;
#803 = VECTOR ( 'NONE', #1417, 1000.000000000000114 ) ;
#804 = ORIENTED_EDGE ( 'NONE', *, *, #1127, .F. ) ;
#805 = CARTESIAN_POINT ( 'NONE',  ( -2.425000000000000266, 0.5000000000000000000, -0.8000000000000000444 ) ) ;
#806 = PLANE ( 'NONE',  #143 ) ;
#807 = VERTEX_POINT ( 'NONE', #588 ) ;
#808 = FACE_OUTER_BOUND ( 'NONE', #614, .T. ) ;
#809 = ORIENTED_EDGE ( 'NONE', *, *, #1276, .T. ) ;
#810 = CARTESIAN_POINT ( 'NONE',  ( -2.425000000000000266, 0.5000000000000000000, 0.8000000000000000444 ) ) ;
#811 = EDGE_CURVE ( 'NONE', #1514, #477, #1378, .T. ) ;
#812 = VERTEX_POINT ( 'NONE', #574 ) ;
#813 = MECHANICAL_DESIGN_GEOMETRIC_PRESENTATION_REPRESENTATION (  '', ( #689 ), #1410 ) ;
#814 = VECTOR ( 'NONE', #1279, 1000.000000000000000 ) ;
#815 = DIRECTION ( 'NONE',  ( 1.000000000000000000, 0.000000000000000000, 0.000000000000000000 ) ) ;
#816 = ORIENTED_EDGE ( 'NONE', *, *, #162, .T. ) ;
#817 = VECTOR ( 'NONE', #489, 1000.000000000000000 ) ;
#818 = LINE ( 'NONE', #584, #198 ) ;
#819 = ORIENTED_EDGE ( 'NONE', *, *, #761, .F. ) ;
#820 = AXIS2_PLACEMENT_3D ( 'NONE', #1014, #421, #179 ) ;
#821 = ORIENTED_EDGE ( 'NONE', *, *, #1133, .T. ) ;
#822 = CARTESIAN_POINT ( 'NONE',  ( -2.770638061263464902, 0.1696951039042554898, 0.4000000000000000222 ) ) ;
#823 = ADVANCED_FACE ( 'NONE', ( #70 ), #1415, .F. ) ;
#824 = CIRCLE ( 'NONE', #1520, 0.09999999999999982514 ) ;
#825 = DIRECTION ( 'NONE',  ( 0.000000000000000000, 0.000000000000000000, -1.000000000000000000 ) ) ;
#826 = ORIENTED_EDGE ( 'NONE', *, *, #955, .T. ) ;
#827 = EDGE_CURVE ( 'NONE', #1066, #1179, #1264, .T. ) ;
#828 = CARTESIAN_POINT ( 'NONE',  ( -2.200000000000000178, 0.7500000000000000000, 0.8000000000000000444 ) ) ;
#829 = EDGE_LOOP ( 'NONE', ( #1098, #164, #1293, #555 ) ) ;
#830 = DIRECTION ( 'NONE',  ( 0.000000000000000000, 0.000000000000000000, 1.000000000000000000 ) ) ;
#831 =( GEOMETRIC_REPRESENTATION_CONTEXT ( 3 ) GLOBAL_UNCERTAINTY_ASSIGNED_CONTEXT ( ( #1228 ) ) GLOBAL_UNIT_ASSIGNED_CONTEXT ( ( #1516, #1142, #909 ) ) REPRESENTATION_CONTEXT ( 'NONE', 'WORKASPACE' ) );
#832 = ORIENTED_EDGE ( 'NONE', *, *, #1112, .T. ) ;
#833 = CARTESIAN_POINT ( 'NONE',  ( 2.674999999999999822, 0.5000000000000000000, 0.8000000000000000444 ) ) ;
#834 = ORIENTED_EDGE ( 'NONE', *, *, #1251, .F. ) ;
#835 = DIRECTION ( 'NONE',  ( 0.000000000000000000, 0.000000000000000000, -1.000000000000000000 ) ) ;
#836 = ORIENTED_EDGE ( 'NONE', *, *, #194, .F. ) ;
#837 = APPLICATION_CONTEXT ( 'automotive_design' ) ;
#838 = ADVANCED_FACE ( 'NONE', ( #221 ), #557, .F. ) ;
#839 = DIRECTION ( 'NONE',  ( -0.9659258262890701996, -0.2588190451025140781, 0.000000000000000000 ) ) ;
#840 = ORIENTED_EDGE ( 'NONE', *, *, #710, .F. ) ;
#841 = DIRECTION ( 'NONE',  ( 0.000000000000000000, 0.000000000000000000, -1.000000000000000000 ) ) ;
#842 = ORIENTED_EDGE ( 'NONE', *, *, #1540, .F. ) ;
#843 = DIRECTION ( 'NONE',  ( 0.000000000000000000, 0.000000000000000000, 1.000000000000000000 ) ) ;
#844 = ORIENTED_EDGE ( 'NONE', *, *, #178, .F. ) ;
#845 = CARTESIAN_POINT ( 'NONE',  ( 2.159807621135334532, 0.5999999999999999778, -0.4000000000000000222 ) ) ;
#846 = ORIENTED_EDGE ( 'NONE', *, *, #1235, .F. ) ;
#847 = AXIS2_PLACEMENT_3D ( 'NONE', #833, #480, #843 ) ;
#848 = CARTESIAN_POINT ( 'NONE',  ( -2.774999999999999911, 0.2695999260624414862, -0.4000000000000000222 ) ) ;
#849 = EDGE_CURVE ( 'NONE', #1171, #1007, #1034, .T. ) ;
#850 = CARTESIAN_POINT ( 'NONE',  ( 2.159807621135334532, 0.5999999999999999778, -0.8000000000000000444 ) ) ;
#851 = ORIENTED_EDGE ( 'NONE', *, *, #423, .T. ) ;
#852 = DIRECTION ( 'NONE',  ( -0.9990482215818576872, 0.04361938736533708255, 0.000000000000000000 ) ) ;
#853 = DIRECTION ( 'NONE',  ( 0.000000000000000000, 0.000000000000000000, -1.000000000000000000 ) ) ;
#854 = DIRECTION ( 'NONE',  ( 0.000000000000000000, 0.000000000000000000, -1.000000000000000000 ) ) ;
#855 = CARTESIAN_POINT ( 'NONE',  ( -2.774999999999999911, 0.2695999260624414862, 0.8000000000000000444 ) ) ;
#856 = UNCERTAINTY_MEASURE_WITH_UNIT (LENGTH_MEASURE( 1.000000000000000082E-05 ), #928, 'distance_accuracy_value', 'NONE');
#857 = DIRECTION ( 'NONE',  ( 0.000000000000000000, 0.000000000000000000, -1.000000000000000000 ) ) ;
#858 = EDGE_CURVE ( 'NONE', #1282, #1136, #583, .T. ) ;
#859 = DIRECTION ( 'NONE',  ( -1.000000000000000000, -1.056403987452941775E-16, 0.000000000000000000 ) ) ;
#860 = ORIENTED_EDGE ( 'NONE', *, *, #1456, .F. ) ;
#861 = CARTESIAN_POINT ( 'NONE',  ( 2.425000000000000266, 0.7500000000000000000, -0.4000000000000000222 ) ) ;
#862 = EDGE_LOOP ( 'NONE', ( #973, #1488, #635, #277 ) ) ;
#863 = DIRECTION ( 'NONE',  ( 0.000000000000000000, 0.000000000000000000, -1.000000000000000000 ) ) ;
#864 = CARTESIAN_POINT ( 'NONE',  ( -2.200000000000000178, 0.7500000000000000000, 0.8000000000000000444 ) ) ;
#865 = CARTESIAN_POINT ( 'NONE',  ( 2.159807621135334532, 0.5999999999999999778, 0.8000000000000000444 ) ) ;
#866 = EDGE_CURVE ( 'NONE', #381, #1001, #440, .T. ) ;
#867 = ORIENTED_EDGE ( 'NONE', *, *, #923, .F. ) ;
#868 = DIRECTION ( 'NONE',  ( 1.000000000000000000, 0.000000000000000000, 0.000000000000000000 ) ) ;
#869 = ORIENTED_EDGE ( 'NONE', *, *, #141, .F. ) ;
#870 = CARTESIAN_POINT ( 'NONE',  ( 2.524999999999999911, 0.5000000000000000000, 0.8000000000000000444 ) ) ;
#871 = CARTESIAN_POINT ( 'NONE',  ( -2.159807621135334532, 0.5999999999999999778, 0.8000000000000000444 ) ) ;
#872 = VECTOR ( 'NONE', #1115, 1000.000000000000000 ) ;
#873 = DIRECTION ( 'NONE',  ( 0.000000000000000000, 0.000000000000000000, -1.000000000000000000 ) ) ;
#874 = EDGE_LOOP ( 'NONE', ( #1265, #189, #354, #568 ) ) ;
#875 = CARTESIAN_POINT ( 'NONE',  ( 2.200000000000000178, 0.7500000000000000000, 0.8000000000000000444 ) ) ;
#876 = CARTESIAN_POINT ( 'NONE',  ( -2.674999999999999822, 0.2695999260624414862, 0.4000000000000000222 ) ) ;
#877 = ADVANCED_FACE ( 'NONE', ( #105 ), #78, .T. ) ;
#878 = CARTESIAN_POINT ( 'NONE',  ( -2.052627944162884965, 1.300000000000000044, 1.925000000000000044 ) ) ;
#879 = DIRECTION ( 'NONE',  ( -1.000000000000000000, 0.000000000000000000, 0.000000000000000000 ) ) ;
#880 = LINE ( 'NONE', #163, #1480 ) ;
#881 = EDGE_LOOP ( 'NONE', ( #1334, #1358, #217, #832 ) ) ;
#882 = CARTESIAN_POINT ( 'NONE',  ( 2.674999999999999822, 0.5000000000000000000, 0.8000000000000000444 ) ) ;
#883 = CYLINDRICAL_SURFACE ( 'NONE', #493, 0.2500000000000002220 ) ;
#884 = AXIS2_PLACEMENT_3D ( 'NONE', #828, #331, #933 ) ;
#885 = EDGE_CURVE ( 'NONE', #67, #723, #913, .T. ) ;
#886 = CARTESIAN_POINT ( 'NONE',  ( -2.200000000000000178, 0.5999999999999999778, 0.8000000000000000444 ) ) ;
#887 = LINE ( 'NONE', #764, #580 ) ;
#888 = VERTEX_POINT ( 'NONE', #567 ) ;
#889 = DIRECTION ( 'NONE',  ( -0.2588190451025136340, 0.9659258262890703106, 0.000000000000000000 ) ) ;
#890 = CARTESIAN_POINT ( 'NONE',  ( -2.674999999999999822, 0.2695999260624414862, 0.8000000000000000444 ) ) ;
#891 = VERTEX_POINT ( 'NONE', #1043 ) ;
#892 = EDGE_CURVE ( 'NONE', #1351, #196, #1519, .T. ) ;
#893 = AXIS2_PLACEMENT_3D ( 'NONE', #256, #247, #375 ) ;
#894 = VECTOR ( 'NONE', #177, 1000.000000000000000 ) ;
#895 = LINE ( 'NONE', #1017, #153 ) ;
#896 = AXIS2_PLACEMENT_3D ( 'NONE', #1189, #835, #868 ) ;
#897 = ORIENTED_EDGE ( 'NONE', *, *, #688, .T. ) ;
#898 =( NAMED_UNIT ( * ) PLANE_ANGLE_UNIT ( ) SI_UNIT ( $, .RADIAN. ) );
#899 = CIRCLE ( 'NONE', #627, 0.09999999999999982514 ) ;
#900 = CARTESIAN_POINT ( 'NONE',  ( -2.425000000000000266, 0.7500000000000000000, 0.8000000000000000444 ) ) ;
#901 = VECTOR ( 'NONE', #841, 1000.000000000000000 ) ;
#902 = DIRECTION ( 'NONE',  ( -0.000000000000000000, 1.000000000000000000, 0.000000000000000000 ) ) ;
#903 = CARTESIAN_POINT ( 'NONE',  ( -2.052627944162884965, 1.300000000000000044, 1.925000000000000044 ) ) ;
#904 = EDGE_CURVE ( 'NONE', #222, #723, #1396, .T. ) ;
#905 = ORIENTED_EDGE ( 'NONE', *, *, #429, .T. ) ;
#906 = DIRECTION ( 'NONE',  ( -0.2588190451025135785, 0.9659258262890701996, 0.000000000000000000 ) ) ;
#907 = CARTESIAN_POINT ( 'NONE',  ( 2.770638061263464902, 0.1696951039042554898, 0.8000000000000000444 ) ) ;
#908 = CARTESIAN_POINT ( 'NONE',  ( 2.524999999999999911, 0.5000000000000000000, 0.8000000000000000444 ) ) ;
#909 =( NAMED_UNIT ( * ) SI_UNIT ( $, .STERADIAN. ) SOLID_ANGLE_UNIT ( ) );
#910 = ORIENTED_EDGE ( 'NONE', *, *, #1174, .F. ) ;
#911 = CARTESIAN_POINT ( 'NONE',  ( 2.425000000000000266, 0.5999999999999999778, 0.8000000000000000444 ) ) ;
#912 = EDGE_CURVE ( 'NONE', #1179, #1444, #1298, .T. ) ;
#913 = LINE ( 'NONE', #319, #544 ) ;
#914 = ORIENTED_EDGE ( 'NONE', *, *, #88, .F. ) ;
#915 = APPLICATION_CONTEXT ( 'automotive_design' ) ;
#916 = DIRECTION ( 'NONE',  ( 0.000000000000000000, -1.260399915322766067E-32, -1.000000000000000000 ) ) ;
#917 = APPLICATION_PROTOCOL_DEFINITION ( 'draft international standard', 'automotive_design', 1998, #837 ) ;
#918 = AXIS2_PLACEMENT_3D ( 'NONE', #1155, #1385, #1041 ) ;
#919 = ORIENTED_EDGE ( 'NONE', *, *, #414, .T. ) ;
#920 = FACE_OUTER_BOUND ( 'NONE', #589, .T. ) ;
#921 = DIRECTION ( 'NONE',  ( -1.882294834296520253E-15, 1.000000000000000000, 0.000000000000000000 ) ) ;
#922 = ORIENTED_EDGE ( 'NONE', *, *, #667, .F. ) ;
#923 = EDGE_CURVE ( 'NONE', #1171, #971, #739, .T. ) ;
#924 = ORIENTED_EDGE ( 'NONE', *, *, #615, .F. ) ;
#925 = DIRECTION ( 'NONE',  ( 0.9990482215818577982, 0.04361938736533549354, -1.191968516628893730E-16 ) ) ;
#926 = VERTEX_POINT ( 'NONE', #861 ) ;
#927 = CARTESIAN_POINT ( 'NONE',  ( 2.425000000000000266, 0.7500000000000000000, 0.8000000000000000444 ) ) ;
#928 =( LENGTH_UNIT ( ) NAMED_UNIT ( * ) SI_UNIT ( .MILLI., .METRE. ) );
#929 = ORIENTED_EDGE ( 'NONE', *, *, #239, .T. ) ;
#930 = CARTESIAN_POINT ( 'NONE',  ( -2.524999999999999911, 0.5000000000000000000, 0.8000000000000000444 ) ) ;
#931 = DIRECTION ( 'NONE',  ( -0.9990482215818577982, 0.04361938736533614580, 0.000000000000000000 ) ) ;
#932 = ORIENTED_EDGE ( 'NONE', *, *, #1227, .F. ) ;
#933 = DIRECTION ( 'NONE',  ( -1.000000000000000000, 4.818676322157810194E-16, 0.000000000000000000 ) ) ;
#934 = EDGE_CURVE ( 'NONE', #1143, #727, #139, .T. ) ;
#935 = EDGE_LOOP ( 'NONE', ( #467, #1035, #119, #897 ) ) ;
#936 = DIRECTION ( 'NONE',  ( 1.000000000000000000, 0.000000000000000000, 0.000000000000000000 ) ) ;
#937 = EDGE_LOOP ( 'NONE', ( #1109, #430, #1154, #514 ) ) ;
#938 = CARTESIAN_POINT ( 'NONE',  ( 2.674999999999999822, 0.2695999260624414862, 0.8000000000000000444 ) ) ;
#939 = DIRECTION ( 'NONE',  ( 0.000000000000000000, -1.260399915322766067E-32, 1.000000000000000000 ) ) ;
#940 = DIRECTION ( 'NONE',  ( -0.2588190451025140226, -0.9659258262890700886, 0.000000000000000000 ) ) ;
#941 = ORIENTED_EDGE ( 'NONE', *, *, #1050, .T. ) ;
#942 = EDGE_CURVE ( 'NONE', #713, #1444, #245, .T. ) ;
#943 = DIRECTION ( 'NONE',  ( 0.04361938736533548661, -0.9990482215818577982, 0.000000000000000000 ) ) ;
#944 = ORIENTED_EDGE ( 'NONE', *, *, #545, .F. ) ;
#945 = DIRECTION ( 'NONE',  ( -1.056403987452941775E-16, 1.000000000000000000, 0.000000000000000000 ) ) ;
#946 = VECTOR ( 'NONE', #1117, 1000.000000000000000 ) ;
#947 = DIRECTION ( 'NONE',  ( 0.2588190451025135785, 0.9659258262890701996, 0.000000000000000000 ) ) ;
#948 = ORIENTED_EDGE ( 'NONE', *, *, #1356, .F. ) ;
#949 = VECTOR ( 'NONE', #149, 1000.000000000000000 ) ;
#950 = CARTESIAN_POINT ( 'NONE',  ( -2.425000000000000266, -2.168404344971009854E-16, 0.4000000000000000222 ) ) ;
#951 = EDGE_LOOP ( 'NONE', ( #929, #338, #781, #1190 ) ) ;
#952 = EDGE_LOOP ( 'NONE', ( #1125, #1262, #924, #1089 ) ) ;
#953 = CARTESIAN_POINT ( 'NONE',  ( 3.225000000000000089, 0.1498572332372792304, -0.8000000000000000444 ) ) ;
#954 = VECTOR ( 'NONE', #84, 1000.000000000000000 ) ;
#955 = EDGE_CURVE ( 'NONE', #1100, #426, #1459, .T. ) ;
#956 = DIRECTION ( 'NONE',  ( 1.000000000000000000, 7.223883972578269820E-16, 1.193104087349831802E-16 ) ) ;
#957 = ORIENTED_EDGE ( 'NONE', *, *, #439, .F. ) ;
#958 = DIRECTION ( 'NONE',  ( 1.000000000000000000, 0.000000000000000000, 0.000000000000000000 ) ) ;
#959 = EDGE_LOOP ( 'NONE', ( #581, #821, #361, #1394 ) ) ;
#960 = FACE_OUTER_BOUND ( 'NONE', #952, .T. ) ;
#961 = AXIS2_PLACEMENT_3D ( 'NONE', #257, #1331, #762 ) ;
#962 = DIRECTION ( 'NONE',  ( 0.000000000000000000, 0.000000000000000000, -1.000000000000000000 ) ) ;
#963 = VERTEX_POINT ( 'NONE', #390 ) ;
#964 = EDGE_CURVE ( 'NONE', #1182, #1206, #475, .T. ) ;
#965 = DIRECTION ( 'NONE',  ( 1.000000000000000000, 4.818676322157810194E-16, 0.000000000000000000 ) ) ;
#966 = ORIENTED_EDGE ( 'NONE', *, *, #1085, .T. ) ;
#967 = CARTESIAN_POINT ( 'NONE',  ( -2.159807621135334532, 0.5999999999999999778, 0.4000000000000000222 ) ) ;
#968 = DIRECTION ( 'NONE',  ( 1.000000000000000000, 1.237622989176030087E-16, 0.000000000000000000 ) ) ;
#969 = ORIENTED_EDGE ( 'NONE', *, *, #1316, .F. ) ;
#970 = LINE ( 'NONE', #380, #1513 ) ;
#971 = VERTEX_POINT ( 'NONE', #980 ) ;
#972 = LINE ( 'NONE', #261, #340 ) ;
#973 = ORIENTED_EDGE ( 'NONE', *, *, #1411, .T. ) ;
#974 = CARTESIAN_POINT ( 'NONE',  ( 2.200000000000000178, 0.5999999999999999778, -0.8000000000000000444 ) ) ;
#975 = EDGE_CURVE ( 'NONE', #1206, #416, #542, .T. ) ;
#976 = DIRECTION ( 'NONE',  ( -1.000000000000000000, 0.000000000000000000, 0.000000000000000000 ) ) ;
#977 = AXIS2_PLACEMENT_3D ( 'NONE', #1029, #1504, #1057 ) ;
#978 = FACE_OUTER_BOUND ( 'NONE', #1278, .T. ) ;
#979 = ORIENTED_EDGE ( 'NONE', *, *, #239, .F. ) ;
#980 = CARTESIAN_POINT ( 'NONE',  ( 2.425000000000000266, 0.5999999999999999778, -0.8000000000000000444 ) ) ;
#981 = ORIENTED_EDGE ( 'NONE', *, *, #313, .F. ) ;
#982 = STYLED_ITEM ( 'NONE', ( #1024 ), #133 ) ;
#983 = DIRECTION ( 'NONE',  ( -2.168404344971010101E-16, -1.260399915322766067E-32, 1.000000000000000000 ) ) ;
#984 = ADVANCED_FACE ( 'NONE', ( #122 ), #356, .F. ) ;
#985 = DIRECTION ( 'NONE',  ( -1.000000000000000000, 4.818676322157810194E-16, 0.000000000000000000 ) ) ;
#986 = DIRECTION ( 'NONE',  ( 1.000000000000000000, 7.223883972578269820E-16, 0.000000000000000000 ) ) ;
#987 = ORIENTED_EDGE ( 'NONE', *, *, #785, .T. ) ;
#988 = CARTESIAN_POINT ( 'NONE',  ( -2.674999999999999822, 0.2695999260624414862, -0.4000000000000000222 ) ) ;
#989 = EDGE_LOOP ( 'NONE', ( #75, #262, #454, #404 ) ) ;
#990 = DIRECTION ( 'NONE',  ( -1.193104087349831802E-16, -1.260399915322766067E-32, 1.000000000000000000 ) ) ;
#991 = DIRECTION ( 'NONE',  ( 1.882294834296520253E-15, 1.000000000000000000, 0.000000000000000000 ) ) ;
#992 = EDGE_CURVE ( 'NONE', #286, #1295, #113, .T. ) ;
#993 = DIRECTION ( 'NONE',  ( -0.9990482215818577982, -0.04361938736533549354, -1.191968516628893730E-16 ) ) ;
#994 = EDGE_CURVE ( 'NONE', #41, #1100, #1305, .T. ) ;
#995 = ORIENTED_EDGE ( 'NONE', *, *, #1009, .F. ) ;
#996 = DIRECTION ( 'NONE',  ( -1.056403987452941775E-16, 1.000000000000000000, 0.000000000000000000 ) ) ;
#997 = DIRECTION ( 'NONE',  ( -1.000000000000000000, 4.818676322157810194E-16, 0.000000000000000000 ) ) ;
#998 = FACE_OUTER_BOUND ( 'NONE', #138, .T. ) ;
#999 = CARTESIAN_POINT ( 'NONE',  ( -2.524999999999999911, 0.5000000000000000000, 0.8000000000000000444 ) ) ;
#1000 = CARTESIAN_POINT ( 'NONE',  ( 2.425000000000000266, 0.5000000000000000000, 0.8000000000000000444 ) ) ;
#1001 = VERTEX_POINT ( 'NONE', #1328 ) ;
#1002 = LINE ( 'NONE', #515, #1362 ) ;
#1003 = FILL_AREA_STYLE_COLOUR ( '', #402 ) ;
#1004 = EDGE_CURVE ( 'NONE', #1351, #372, #1555, .T. ) ;
#1005 = FACE_OUTER_BOUND ( 'NONE', #1392, .T. ) ;
#1006 = CARTESIAN_POINT ( 'NONE',  ( 2.425000000000000266, 0.5000000000000000000, -0.8000000000000000444 ) ) ;
#1007 = VERTEX_POINT ( 'NONE', #845 ) ;
#1008 = PLANE ( 'NONE',  #8 ) ;
#1009 = EDGE_CURVE ( 'NONE', #121, #176, #726, .T. ) ;
#1010 = VECTOR ( 'NONE', #925, 1000.000000000000000 ) ;
#1011 = DIRECTION ( 'NONE',  ( 0.000000000000000000, 0.000000000000000000, -1.000000000000000000 ) ) ;
#1012 = ORIENTED_EDGE ( 'NONE', *, *, #545, .T. ) ;
#1013 = CARTESIAN_POINT ( 'NONE',  ( -2.674999999999999822, 0.2695999260624414862, 0.8000000000000000444 ) ) ;
#1014 = CARTESIAN_POINT ( 'NONE',  ( 1.849642064095615046, 2.168404344971009854E-16, 0.4000000000000000222 ) ) ;
#1015 = EDGE_CURVE ( 'NONE', #370, #1561, #622, .T. ) ;
#1016 = COLOUR_RGB ( '',0.7921568627450980005, 0.8196078431372548767, 0.9333333333333333481 ) ;
#1017 = CARTESIAN_POINT ( 'NONE',  ( 2.200000000000000178, 0.7500000000000000000, -0.8000000000000000444 ) ) ;
#1018 = VECTOR ( 'NONE', #853, 1000.000000000000000 ) ;
#1019 = ORIENTED_EDGE ( 'NONE', *, *, #74, .F. ) ;
#1020 = CARTESIAN_POINT ( 'NONE',  ( 2.425000000000000266, 2.168404344971009854E-16, -0.4000000000000000222 ) ) ;
#1021 = VECTOR ( 'NONE', #1065, 1000.000000000000000 ) ;
#1022 = DIRECTION ( 'NONE',  ( -1.000000000000000000, 0.000000000000000000, 2.168404344971010840E-16 ) ) ;
#1023 = EDGE_CURVE ( 'NONE', #963, #1269, #382, .T. ) ;
#1024 = PRESENTATION_STYLE_ASSIGNMENT (( #546 ) ) ;
#1025 =( NAMED_UNIT ( * ) PLANE_ANGLE_UNIT ( ) SI_UNIT ( $, .RADIAN. ) );
#1026 = ORIENTED_EDGE ( 'NONE', *, *, #1486, .F. ) ;
#1027 = LINE ( 'NONE', #1507, #787 ) ;
#1028 = VECTOR ( 'NONE', #25, 1000.000000000000000 ) ;
#1029 = CARTESIAN_POINT ( 'NONE',  ( 2.425000000000000266, 0.5000000000000000000, -0.8000000000000000444 ) ) ;
#1030 = DIRECTION ( 'NONE',  ( -1.000000000000000000, 0.000000000000000000, 0.000000000000000000 ) ) ;
#1031 = VERTEX_POINT ( 'NONE', #1443 ) ;
#1032 = FACE_OUTER_BOUND ( 'NONE', #111, .T. ) ;
#1033 = EDGE_CURVE ( 'NONE', #1495, #121, #972, .T. ) ;
#1034 = LINE ( 'NONE', #98, #1494 ) ;
#1035 = ORIENTED_EDGE ( 'NONE', *, *, #1212, .F. ) ;
#1036 = DIRECTION ( 'NONE',  ( 0.000000000000000000, 0.000000000000000000, 1.000000000000000000 ) ) ;
#1037 = ORIENTED_EDGE ( 'NONE', *, *, #109, .F. ) ;
#1038 = DIRECTION ( 'NONE',  ( 0.000000000000000000, 0.000000000000000000, -1.000000000000000000 ) ) ;
#1039 = VECTOR ( 'NONE', #1137, 1000.000000000000000 ) ;
#1040 = ORIENTED_EDGE ( 'NONE', *, *, #1267, .T. ) ;
#1041 = DIRECTION ( 'NONE',  ( 1.000000000000000000, 0.000000000000000000, 0.000000000000000000 ) ) ;
#1042 = EDGE_CURVE ( 'NONE', #416, #48, #236, .T. ) ;
#1043 = CARTESIAN_POINT ( 'NONE',  ( -2.159807621135334532, 0.5999999999999999778, 0.4000000000000000222 ) ) ;
#1044 = CARTESIAN_POINT ( 'NONE',  ( -2.524999999999999911, 0.2695999260624414862, 0.8000000000000000444 ) ) ;
#1045 =( GEOMETRIC_REPRESENTATION_CONTEXT ( 3 ) GLOBAL_UNCERTAINTY_ASSIGNED_CONTEXT ( ( #273 ) ) GLOBAL_UNIT_ASSIGNED_CONTEXT ( ( #786, #1409, #1301 ) ) REPRESENTATION_CONTEXT ( 'NONE', 'WORKASPACE' ) );
#1046 = LINE ( 'NONE', #578, #1419 ) ;
#1047 = VERTEX_POINT ( 'NONE', #1074 ) ;
#1048 = CARTESIAN_POINT ( 'NONE',  ( -2.674999999999999822, 0.2695999260624414862, -0.04942323963059890024 ) ) ;
#1049 = DIRECTION ( 'NONE',  ( -0.04361938736533613886, 0.9990482215818577982, 0.000000000000000000 ) ) ;
#1050 = EDGE_CURVE ( 'NONE', #657, #351, #254, .T. ) ;
#1051 = CARTESIAN_POINT ( 'NONE',  ( -2.200000000000000178, 0.7500000000000000000, 1.925000000000000044 ) ) ;
#1052 = VECTOR ( 'NONE', #746, 1000.000000000000000 ) ;
#1053 = ORIENTED_EDGE ( 'NONE', *, *, #849, .T. ) ;
#1054 = PLANE ( 'NONE',  #1448 ) ;
#1055 = VERTEX_POINT ( 'NONE', #269 ) ;
#1056 =( NAMED_UNIT ( * ) SI_UNIT ( $, .STERADIAN. ) SOLID_ANGLE_UNIT ( ) );
#1057 = DIRECTION ( 'NONE',  ( -1.000000000000000000, 0.000000000000000000, 0.000000000000000000 ) ) ;
#1058 = CARTESIAN_POINT ( 'NONE',  ( -2.052627944162884965, 1.300000000000000044, -1.925000000000000044 ) ) ;
#1059 = ORIENTED_EDGE ( 'NONE', *, *, #1093, .F. ) ;
#1060 = EDGE_CURVE ( 'NONE', #389, #727, #733, .T. ) ;
#1061 = CARTESIAN_POINT ( 'NONE',  ( 1.849642064095615046, 2.168404344971009854E-16, -0.4000000000000000222 ) ) ;
#1062 = VERTEX_POINT ( 'NONE', #1223 ) ;
#1063 = DIRECTION ( 'NONE',  ( 0.000000000000000000, 0.000000000000000000, 1.000000000000000000 ) ) ;
#1064 = STYLED_ITEM ( 'NONE', ( #158 ), #1176 ) ;
#1065 = DIRECTION ( 'NONE',  ( -1.000000000000000000, -4.818676322157810194E-16, 2.826593946552469805E-16 ) ) ;
#1066 = VERTEX_POINT ( 'NONE', #1313 ) ;
#1067 = AXIS2_PLACEMENT_3D ( 'NONE', #631, #612, #976 ) ;
#1068 = PLANE ( 'NONE',  #1482 ) ;
#1069 = DIRECTION ( 'NONE',  ( -1.000000000000000000, 4.818676322157810194E-16, 0.000000000000000000 ) ) ;
#1070 = EDGE_CURVE ( 'NONE', #176, #1387, #766, .T. ) ;
#1071 = ORIENTED_EDGE ( 'NONE', *, *, #33, .T. ) ;
#1072 = PLANE ( 'NONE',  #847 ) ;
#1073 = VECTOR ( 'NONE', #1038, 1000.000000000000000 ) ;
#1074 = CARTESIAN_POINT ( 'NONE',  ( -3.225000000000000089, 0.1498572332372896110, 0.4000000000000000222 ) ) ;
#1075 = VERTEX_POINT ( 'NONE', #54 ) ;
#1076 = DIRECTION ( 'NONE',  ( 1.000000000000000000, 0.000000000000000000, 0.000000000000000000 ) ) ;
#1077 = DIRECTION ( 'NONE',  ( -1.000000000000000000, 0.000000000000000000, 2.826593946552469805E-16 ) ) ;
#1078 = ORIENTED_EDGE ( 'NONE', *, *, #942, .F. ) ;
#1079 = VECTOR ( 'NONE', #682, 1000.000000000000000 ) ;
#1080 = CARTESIAN_POINT ( 'NONE',  ( -2.764095153158665052, 0.01983787066697724824, -0.4000000000000000222 ) ) ;
#1081 = EDGE_CURVE ( 'NONE', #442, #41, #49, .T. ) ;
#1082 = ORIENTED_EDGE ( 'NONE', *, *, #801, .T. ) ;
#1083 = CARTESIAN_POINT ( 'NONE',  ( 2.159807621135334532, 0.5999999999999999778, 0.8000000000000000444 ) ) ;
#1084 = ORIENTED_EDGE ( 'NONE', *, *, #1338, .T. ) ;
#1085 = EDGE_CURVE ( 'NONE', #1182, #1179, #536, .T. ) ;
#1086 = DIRECTION ( 'NONE',  ( -0.2588190451025135785, 0.9659258262890701996, 0.000000000000000000 ) ) ;
#1087 = DIRECTION ( 'NONE',  ( -1.237622989176030087E-16, 1.000000000000000000, 0.000000000000000000 ) ) ;
#1088 = DIRECTION ( 'NONE',  ( 0.000000000000000000, -1.000000000000000000, 0.000000000000000000 ) ) ;
#1089 = ORIENTED_EDGE ( 'NONE', *, *, #585, .T. ) ;
#1090 = CARTESIAN_POINT ( 'NONE',  ( -2.764095153158665052, 0.01983787066697719967, 0.4000000000000000222 ) ) ;
#1091 = ORIENTED_EDGE ( 'NONE', *, *, #1529, .F. ) ;
#1092 = AXIS2_PLACEMENT_3D ( 'NONE', #601, #272, #151 ) ;
#1093 = EDGE_CURVE ( 'NONE', #1211, #812, #1474, .T. ) ;
#1094 = VECTOR ( 'NONE', #129, 1000.000000000000000 ) ;
#1095 = LINE ( 'NONE', #871, #1544 ) ;
#1096 = CIRCLE ( 'NONE', #1416, 0.09999999999999982514 ) ;
#1097 = CARTESIAN_POINT ( 'NONE',  ( -2.425000000000000266, 0.5999999999999999778, 0.8000000000000000444 ) ) ;
#1098 = ORIENTED_EDGE ( 'NONE', *, *, #219, .F. ) ;
#1099 = CARTESIAN_POINT ( 'NONE',  ( 2.674999999999999822, 0.5000000000000000000, 0.8000000000000000444 ) ) ;
#1100 = VERTEX_POINT ( 'NONE', #1250 ) ;
#1101 = AXIS2_PLACEMENT_3D ( 'NONE', #479, #943, #369 ) ;
#1102 = CARTESIAN_POINT ( 'NONE',  ( -3.225000000000000089, -4.336808689942014778E-16, -0.4000000000000000222 ) ) ;
#1103 = EDGE_CURVE ( 'NONE', #1530, #1351, #35, .T. ) ;
#1104 = FACE_OUTER_BOUND ( 'NONE', #1343, .T. ) ;
#1105 = ADVANCED_FACE ( 'NONE', ( #523 ), #1008, .F. ) ;
#1106 = LINE ( 'NONE', #776, #1028 ) ;
#1107 = ORIENTED_EDGE ( 'NONE', *, *, #205, .F. ) ;
#1108 = DIRECTION ( 'NONE',  ( -0.2588190451025135785, -0.9659258262890701996, 7.315763461392550367E-17 ) ) ;
#1109 = ORIENTED_EDGE ( 'NONE', *, *, #942, .T. ) ;
#1110 = CARTESIAN_POINT ( 'NONE',  ( 2.052627944162884965, 1.300000000000000044, 1.925000000000000044 ) ) ;
#1111 = CARTESIAN_POINT ( 'NONE',  ( 2.025833024919774683, 0.1000000000000000056, 1.925000000000000044 ) ) ;
#1112 = EDGE_CURVE ( 'NONE', #196, #888, #1002, .T. ) ;
#1113 = CARTESIAN_POINT ( 'NONE',  ( 3.225000000000000089, 0.1498572332372792304, 0.8000000000000000444 ) ) ;
#1114 = ORIENTED_EDGE ( 'NONE', *, *, #1427, .T. ) ;
#1115 = DIRECTION ( 'NONE',  ( 0.000000000000000000, 0.000000000000000000, -1.000000000000000000 ) ) ;
#1116 = DIRECTION ( 'NONE',  ( 1.000000000000000000, 1.056403987452941775E-16, 0.000000000000000000 ) ) ;
#1117 = DIRECTION ( 'NONE',  ( 0.000000000000000000, 0.000000000000000000, -1.000000000000000000 ) ) ;
#1118 = DIRECTION ( 'NONE',  ( 0.000000000000000000, 0.000000000000000000, 1.000000000000000000 ) ) ;
#1119 = CARTESIAN_POINT ( 'NONE',  ( -3.225000000000000089, 0.1498572332372896110, -0.4000000000000000222 ) ) ;
#1120 = PRODUCT_DEFINITION ( 'UNKNOWN', '', #1252, #1408 ) ;
#1121 = ORIENTED_EDGE ( 'NONE', *, *, #975, .T. ) ;
#1122 = DIRECTION ( 'NONE',  ( -1.882294834296520253E-15, -1.000000000000000000, 0.000000000000000000 ) ) ;
#1123 = VECTOR ( 'NONE', #264, 1000.000000000000114 ) ;
#1124 = DIRECTION ( 'NONE',  ( 0.000000000000000000, 0.000000000000000000, 1.000000000000000000 ) ) ;
#1125 = ORIENTED_EDGE ( 'NONE', *, *, #1347, .T. ) ;
#1126 = DIRECTION ( 'NONE',  ( 1.000000000000000000, 0.000000000000000000, 0.000000000000000000 ) ) ;
#1127 = EDGE_CURVE ( 'NONE', #1171, #926, #779, .T. ) ;
#1128 = DIRECTION ( 'NONE',  ( -1.882294834296520253E-15, 1.000000000000000000, 0.000000000000000000 ) ) ;
#1129 = PLANE ( 'NONE',  #799 ) ;
#1130 = ORIENTED_EDGE ( 'NONE', *, *, #77, .F. ) ;
#1131 = PLANE ( 'NONE',  #590 ) ;
#1132 = CARTESIAN_POINT ( 'NONE',  ( -1.849642064095615046, -2.168404344971009854E-16, -0.4000000000000000222 ) ) ;
#1133 = EDGE_CURVE ( 'NONE', #727, #41, #772, .T. ) ;
#1134 = SURFACE_STYLE_FILL_AREA ( #1475 ) ;
#1135 = VECTOR ( 'NONE', #717, 1000.000000000000000 ) ;
#1136 = VERTEX_POINT ( 'NONE', #1466 ) ;
#1137 = DIRECTION ( 'NONE',  ( 0.000000000000000000, 0.000000000000000000, -1.000000000000000000 ) ) ;
#1138 = CARTESIAN_POINT ( 'NONE',  ( 2.425000000000000266, 0.5999999999999999778, 0.4000000000000000222 ) ) ;
#1139 = PRODUCT_RELATED_PRODUCT_CATEGORY ( 'part', '', ( #80 ) ) ;
#1140 = ADVANCED_FACE ( 'NONE', ( #172 ), #1131, .F. ) ;
#1141 = PLANE ( 'NONE',  #1193 ) ;
#1142 =( NAMED_UNIT ( * ) PLANE_ANGLE_UNIT ( ) SI_UNIT ( $, .RADIAN. ) );
#1143 = VERTEX_POINT ( 'NONE', #405 ) ;
#1144 = CARTESIAN_POINT ( 'NONE',  ( 2.425000000000000266, 0.7500000000000000000, 0.8000000000000000444 ) ) ;
#1145 = AXIS2_PLACEMENT_3D ( 'NONE', #1221, #52, #539 ) ;
#1146 = DIRECTION ( 'NONE',  ( 0.000000000000000000, 0.000000000000000000, 1.000000000000000000 ) ) ;
#1147 = ORIENTED_EDGE ( 'NONE', *, *, #22, .T. ) ;
#1148 = ORIENTED_EDGE ( 'NONE', *, *, #305, .F. ) ;
#1149 = AXIS2_PLACEMENT_3D ( 'NONE', #1207, #618, #21 ) ;
#1150 = CARTESIAN_POINT ( 'NONE',  ( -2.425000000000000266, -2.168404344971009854E-16, -0.4000000000000000222 ) ) ;
#1151 = ORIENTED_EDGE ( 'NONE', *, *, #964, .T. ) ;
#1152 = CARTESIAN_POINT ( 'NONE',  ( -2.774999999999999911, 0.2695999260624414862, 0.8000000000000000444 ) ) ;
#1153 = EDGE_CURVE ( 'NONE', #416, #1379, #1372, .T. ) ;
#1154 = ORIENTED_EDGE ( 'NONE', *, *, #1276, .F. ) ;
#1155 = CARTESIAN_POINT ( 'NONE',  ( 2.774999999999999911, 0.2695999260624414862, 0.8000000000000000444 ) ) ;
#1156 = CARTESIAN_POINT ( 'NONE',  ( -2.770638061263464902, 0.1696951039042554898, 0.8000000000000000444 ) ) ;
#1157 = ORIENTED_EDGE ( 'NONE', *, *, #387, .F. ) ;
#1158 = CARTESIAN_POINT ( 'NONE',  ( 2.770638061263464902, 0.1696951039042554898, 0.8000000000000000444 ) ) ;
#1159 = ORIENTED_EDGE ( 'NONE', *, *, #565, .F. ) ;
#1160 = DIRECTION ( 'NONE',  ( 0.000000000000000000, 0.000000000000000000, -1.000000000000000000 ) ) ;
#1161 = CIRCLE ( 'NONE', #1361, 0.2499999999999997780 ) ;
#1162 = VECTOR ( 'NONE', #17, 1000.000000000000000 ) ;
#1163 = ORIENTED_EDGE ( 'NONE', *, *, #659, .F. ) ;
#1164 = CARTESIAN_POINT ( 'NONE',  ( 2.200000000000000178, 0.7500000000000000000, 0.4000000000000000222 ) ) ;
#1165 = ADVANCED_FACE ( 'NONE', ( #1352 ), #1232, .F. ) ;
#1166 = CARTESIAN_POINT ( 'NONE',  ( -2.425000000000000266, 0.7500000000000000000, 0.8000000000000000444 ) ) ;
#1167 = VECTOR ( 'NONE', #931, 1000.000000000000000 ) ;
#1168 = LINE ( 'NONE', #798, #1202 ) ;
#1169 = ORIENTED_EDGE ( 'NONE', *, *, #1423, .T. ) ;
#1170 = FACE_OUTER_BOUND ( 'NONE', #1424, .T. ) ;
#1171 = VERTEX_POINT ( 'NONE', #1344 ) ;
#1172 = CARTESIAN_POINT ( 'NONE',  ( 2.052627944162884965, 1.300000000000000044, -1.925000000000000044 ) ) ;
#1173 = DIRECTION ( 'NONE',  ( 0.000000000000000000, 0.000000000000000000, -1.000000000000000000 ) ) ;
#1174 = EDGE_CURVE ( 'NONE', #1387, #609, #413, .T. ) ;
#1175 = CARTESIAN_POINT ( 'NONE',  ( -2.425000000000000266, 0.5000000000000000000, -0.8000000000000000444 ) ) ;
#1176 = MANIFOLD_SOLID_BREP ( 'NONE', #1346 ) ;
#1177 = ORIENTED_EDGE ( 'NONE', *, *, #1354, .F. ) ;
#1178 = DIRECTION ( 'NONE',  ( -1.000000000000000000, 0.000000000000000000, 0.000000000000000000 ) ) ;
#1179 = VERTEX_POINT ( 'NONE', #1164 ) ;
#1180 = FACE_OUTER_BOUND ( 'NONE', #1483, .T. ) ;
#1181 = DIRECTION ( 'NONE',  ( -0.9990482215818577982, 0.04361938736533614580, 0.000000000000000000 ) ) ;
#1182 = VERTEX_POINT ( 'NONE', #1395 ) ;
#1183 = ADVANCED_FACE ( 'NONE', ( #672 ), #287, .T. ) ;
#1184 = ORIENTED_EDGE ( 'NONE', *, *, #975, .F. ) ;
#1185 = CARTESIAN_POINT ( 'NONE',  ( -2.425000000000000266, 0.5000000000000000000, -0.8000000000000000444 ) ) ;
#1186 = ORIENTED_EDGE ( 'NONE', *, *, #1070, .T. ) ;
#1187 = DIRECTION ( 'NONE',  ( 0.000000000000000000, 0.000000000000000000, -1.000000000000000000 ) ) ;
#1188 = CIRCLE ( 'NONE', #1284, 0.2500000000000002220 ) ;
#1189 = CARTESIAN_POINT ( 'NONE',  ( -2.425000000000000266, 0.5000000000000000000, 0.8000000000000000444 ) ) ;
#1190 = ORIENTED_EDGE ( 'NONE', *, *, #178, .T. ) ;
#1191 = DIRECTION ( 'NONE',  ( 0.000000000000000000, 0.000000000000000000, -1.000000000000000000 ) ) ;
#1192 = DIRECTION ( 'NONE',  ( 0.000000000000000000, 0.000000000000000000, -1.000000000000000000 ) ) ;
#1193 = AXIS2_PLACEMENT_3D ( 'NONE', #553, #902, #302 ) ;
#1194 = ADVANCED_FACE ( 'NONE', ( #698 ), #447, .F. ) ;
#1195 = VERTEX_POINT ( 'NONE', #564 ) ;
#1196 = PLANE ( 'NONE',  #768 ) ;
#1197 = AXIS2_PLACEMENT_3D ( 'NONE', #1539, #1087, #1355 ) ;
#1198 = CARTESIAN_POINT ( 'NONE',  ( -2.674999999999999822, 0.5000000000000000000, 0.8000000000000000444 ) ) ;
#1199 = ORIENTED_EDGE ( 'NONE', *, *, #1521, .T. ) ;
#1200 = FACE_OUTER_BOUND ( 'NONE', #171, .T. ) ;
#1201 = LINE ( 'NONE', #864, #593 ) ;
#1202 = VECTOR ( 'NONE', #202, 1000.000000000000000 ) ;
#1203 = CARTESIAN_POINT ( 'NONE',  ( -2.159807621135334532, 0.5999999999999999778, -0.8000000000000000444 ) ) ;
#1204 = EDGE_CURVE ( 'NONE', #1031, #704, #96, .T. ) ;
#1205 = DIRECTION ( 'NONE',  ( -1.056403987452941775E-16, 1.000000000000000000, 0.000000000000000000 ) ) ;
#1206 = VERTEX_POINT ( 'NONE', #1144 ) ;
#1207 = CARTESIAN_POINT ( 'NONE',  ( -2.425000000000000266, 0.5000000000000000000, 0.8000000000000000444 ) ) ;
#1208 = VERTEX_POINT ( 'NONE', #1287 ) ;
#1209 = PLANE ( 'NONE',  #961 ) ;
#1210 = DIRECTION ( 'NONE',  ( 0.9990482215818576872, 0.04361938736533708255, 0.000000000000000000 ) ) ;
#1211 = VERTEX_POINT ( 'NONE', #218 ) ;
#1212 = EDGE_CURVE ( 'NONE', #702, #381, #309, .T. ) ;
#1213 = CARTESIAN_POINT ( 'NONE',  ( 2.425000000000000266, 0.5000000000000000000, 0.8000000000000000444 ) ) ;
#1214 = ORIENTED_EDGE ( 'NONE', *, *, #521, .T. ) ;
#1215 = AXIS2_PLACEMENT_3D ( 'NONE', #855, #863, #742 ) ;
#1216 = DIRECTION ( 'NONE',  ( -1.000000000000000000, 0.000000000000000000, 0.000000000000000000 ) ) ;
#1217 = VECTOR ( 'NONE', #1126, 1000.000000000000000 ) ;
#1218 = DIRECTION ( 'NONE',  ( 0.2588190451025145222, 0.9659258262890699775, 0.000000000000000000 ) ) ;
#1219 = AXIS2_PLACEMENT_3D ( 'NONE', #701, #1173, #466 ) ;
#1220 = EDGE_LOOP ( 'NONE', ( #1506, #60, #1249, #1147 ) ) ;
#1221 = CARTESIAN_POINT ( 'NONE',  ( 2.774999999999999911, 0.2695999260624414862, -0.8000000000000000444 ) ) ;
#1222 = VERTEX_POINT ( 'NONE', #1518 ) ;
#1223 = CARTESIAN_POINT ( 'NONE',  ( -2.200000000000000178, 0.7500000000000000000, -1.925000000000000044 ) ) ;
#1224 = VERTEX_POINT ( 'NONE', #1172 ) ;
#1225 = AXIS2_PLACEMENT_3D ( 'NONE', #1268, #1116, #684 ) ;
#1226 = FACE_OUTER_BOUND ( 'NONE', #596, .T. ) ;
#1227 = EDGE_CURVE ( 'NONE', #370, #812, #1526, .T. ) ;
#1228 = UNCERTAINTY_MEASURE_WITH_UNIT (LENGTH_MEASURE( 1.000000000000000082E-05 ), #1516, 'distance_accuracy_value', 'NONE');
#1229 = CARTESIAN_POINT ( 'NONE',  ( 2.200000000000000178, 0.5999999999999999778, 0.8000000000000000444 ) ) ;
#1230 = DIRECTION ( 'NONE',  ( 1.000000000000000000, 1.882294834296520253E-15, 0.000000000000000000 ) ) ;
#1231 = ORIENTED_EDGE ( 'NONE', *, *, #667, .T. ) ;
#1232 = PLANE ( 'NONE',  #1381 ) ;
#1233 = CARTESIAN_POINT ( 'NONE',  ( 2.674999999999999822, 0.5000000000000000000, -0.8000000000000000444 ) ) ;
#1234 = LINE ( 'NONE', #907, #13 ) ;
#1235 = EDGE_CURVE ( 'NONE', #657, #891, #328, .T. ) ;
#1236 = LINE ( 'NONE', #1479, #1123 ) ;
#1237 = LINE ( 'NONE', #1248, #606 ) ;
#1238 = EDGE_LOOP ( 'NONE', ( #317, #624, #860, #603 ) ) ;
#1239 = SURFACE_SIDE_STYLE ('',( #417 ) ) ;
#1240 =( NAMED_UNIT ( * ) PLANE_ANGLE_UNIT ( ) SI_UNIT ( $, .RADIAN. ) );
#1241 = VECTOR ( 'NONE', #724, 1000.000000000000000 ) ;
#1242 = DIRECTION ( 'NONE',  ( 0.000000000000000000, 0.000000000000000000, -1.000000000000000000 ) ) ;
#1243 = EDGE_CURVE ( 'NONE', #1100, #93, #678, .T. ) ;
#1244 = EDGE_LOOP ( 'NONE', ( #1272, #107, #24, #1430, #1199, #740, #1084, #987, #626, #1542, #1320, #749 ) ) ;
#1245 = CARTESIAN_POINT ( 'NONE',  ( 2.764095153158665052, 0.01983787066697719967, 0.8000000000000000444 ) ) ;
#1246 = AXIS2_PLACEMENT_3D ( 'NONE', #1061, #730, #1077 ) ;
#1247 = DIRECTION ( 'NONE',  ( 1.000000000000000000, 1.882294834296520253E-15, 0.000000000000000000 ) ) ;
#1248 = CARTESIAN_POINT ( 'NONE',  ( -2.524999999999999911, 0.2695999260624414862, 0.8000000000000000444 ) ) ;
#1249 = ORIENTED_EDGE ( 'NONE', *, *, #1204, .F. ) ;
#1250 = CARTESIAN_POINT ( 'NONE',  ( -2.674999999999999822, 0.2695999260624414862, -0.4000000000000000222 ) ) ;
#1251 = EDGE_CURVE ( 'NONE', #1525, #1224, #318, .T. ) ;
#1252 = PRODUCT_DEFINITION_FORMATION_WITH_SPECIFIED_SOURCE ( 'ANY', '', #80, .NOT_KNOWN. ) ;
#1253 = CARTESIAN_POINT ( 'NONE',  ( 2.200000000000000178, 0.7500000000000000000, -0.8000000000000000444 ) ) ;
#1254 = CARTESIAN_POINT ( 'NONE',  ( 2.200000000000000178, 0.7500000000000000000, -0.4000000000000000222 ) ) ;
#1255 = VERTEX_POINT ( 'NONE', #911 ) ;
#1256 = EDGE_CURVE ( 'NONE', #321, #1055, #1188, .T. ) ;
#1257 = CARTESIAN_POINT ( 'NONE',  ( -2.159807621135334532, 0.5999999999999999778, 0.8000000000000000444 ) ) ;
#1258 = EDGE_CURVE ( 'NONE', #1379, #1413, #68, .T. ) ;
#1259 = VECTOR ( 'NONE', #556, 1000.000000000000000 ) ;
#1260 = DIRECTION ( 'NONE',  ( -1.000000000000000000, 4.818676322157810194E-16, 0.000000000000000000 ) ) ;
#1261 = SHAPE_DEFINITION_REPRESENTATION ( #284, #681 ) ;
#1262 = ORIENTED_EDGE ( 'NONE', *, *, #811, .F. ) ;
#1263 = DIRECTION ( 'NONE',  ( 0.000000000000000000, 0.000000000000000000, 1.000000000000000000 ) ) ;
#1264 = LINE ( 'NONE', #346, #1021 ) ;
#1265 = ORIENTED_EDGE ( 'NONE', *, *, #355, .T. ) ;
#1266 = ORIENTED_EDGE ( 'NONE', *, *, #777, .T. ) ;
#1267 = EDGE_CURVE ( 'NONE', #686, #1066, #207, .T. ) ;
#1268 = CARTESIAN_POINT ( 'NONE',  ( 2.425000000000000266, 2.168404344971009854E-16, 0.4000000000000000222 ) ) ;
#1269 = VERTEX_POINT ( 'NONE', #1414 ) ;
#1270 = CARTESIAN_POINT ( 'NONE',  ( 2.425000000000000266, 2.168404344971009854E-16, 0.4000000000000000222 ) ) ;
#1271 = CARTESIAN_POINT ( 'NONE',  ( -2.052627944162884965, 1.300000000000000044, 1.925000000000000044 ) ) ;
#1272 = ORIENTED_EDGE ( 'NONE', *, *, #904, .T. ) ;
#1273 = AXIS2_PLACEMENT_3D ( 'NONE', #1175, #100, #1535 ) ;
#1274 = LINE ( 'NONE', #1398, #803 ) ;
#1275 = ORIENTED_EDGE ( 'NONE', *, *, #1258, .F. ) ;
#1276 = EDGE_CURVE ( 'NONE', #1255, #686, #1027, .T. ) ;
#1277 = CARTESIAN_POINT ( 'NONE',  ( -2.425000000000000266, 0.5999999999999999778, -0.4000000000000000222 ) ) ;
#1278 = EDGE_LOOP ( 'NONE', ( #412, #528, #844, #336 ) ) ;
#1279 = DIRECTION ( 'NONE',  ( 0.000000000000000000, 0.000000000000000000, -1.000000000000000000 ) ) ;
#1280 = CARTESIAN_POINT ( 'NONE',  ( -1.849642064095615046, -2.168404344971009854E-16, 0.4000000000000000222 ) ) ;
#1281 = CARTESIAN_POINT ( 'NONE',  ( -2.770638061263464902, 0.1696951039042554898, 0.4000000000000000222 ) ) ;
#1282 = VERTEX_POINT ( 'NONE', #822 ) ;
#1283 = DIRECTION ( 'NONE',  ( 0.000000000000000000, 0.000000000000000000, 1.000000000000000000 ) ) ;
#1284 = AXIS2_PLACEMENT_3D ( 'NONE', #805, #1263, #458 ) ;
#1285 = VECTOR ( 'NONE', #499, 1000.000000000000000 ) ;
#1286 = ORIENTED_EDGE ( 'NONE', *, *, #1153, .F. ) ;
#1287 = CARTESIAN_POINT ( 'NONE',  ( 2.025833024919774683, 0.1000000000000000056, -1.925000000000000044 ) ) ;
#1288 = ADVANCED_FACE ( 'NONE', ( #1032 ), #1296, .F. ) ;
#1289 = DIRECTION ( 'NONE',  ( -1.000000000000000000, 0.000000000000000000, 0.000000000000000000 ) ) ;
#1290 = ORIENTED_EDGE ( 'NONE', *, *, #483, .F. ) ;
#1291 = AXIS2_PLACEMENT_3D ( 'NONE', #1132, #55, #1497 ) ;
#1292 = DIRECTION ( 'NONE',  ( -1.000000000000000000, -1.056403987452941775E-16, 0.000000000000000000 ) ) ;
#1293 = ORIENTED_EDGE ( 'NONE', *, *, #462, .T. ) ;
#1294 = LINE ( 'NONE', #102, #775 ) ;
#1295 = VERTEX_POINT ( 'NONE', #437 ) ;
#1296 = PLANE ( 'NONE',  #108 ) ;
#1297 = ADVANCED_FACE ( 'NONE', ( #920 ), #197, .F. ) ;
#1298 = LINE ( 'NONE', #708, #420 ) ;
#1299 = CARTESIAN_POINT ( 'NONE',  ( -2.524999999999999911, 0.2695999260624414862, -0.4000000000000000222 ) ) ;
#1300 = EDGE_LOOP ( 'NONE', ( #648, #1314, #79, #1511, #487, #788 ) ) ;
#1301 =( NAMED_UNIT ( * ) SI_UNIT ( $, .STERADIAN. ) SOLID_ANGLE_UNIT ( ) );
#1302 = ORIENTED_EDGE ( 'NONE', *, *, #1174, .T. ) ;
#1303 = LINE ( 'NONE', #953, #82 ) ;
#1304 = ORIENTED_EDGE ( 'NONE', *, *, #1015, .F. ) ;
#1305 = LINE ( 'NONE', #598, #817 ) ;
#1306 = VERTEX_POINT ( 'NONE', #1433 ) ;
#1307 = DIRECTION ( 'NONE',  ( -1.056403987452941775E-16, 1.000000000000000000, 0.000000000000000000 ) ) ;
#1308 = EDGE_CURVE ( 'NONE', #686, #1171, #1562, .T. ) ;
#1309 = DIRECTION ( 'NONE',  ( 0.2588190451025145222, -0.9659258262890699775, 0.000000000000000000 ) ) ;
#1310 = ORIENTED_EDGE ( 'NONE', *, *, #1103, .T. ) ;
#1311 = DIRECTION ( 'NONE',  ( -7.223883972578269820E-16, 1.000000000000000000, 0.000000000000000000 ) ) ;
#1312 = VECTOR ( 'NONE', #613, 1000.000000000000000 ) ;
#1313 = CARTESIAN_POINT ( 'NONE',  ( 2.425000000000000266, 0.7500000000000000000, 0.4000000000000000222 ) ) ;
#1314 = ORIENTED_EDGE ( 'NONE', *, *, #1, .F. ) ;
#1315 = PLANE ( 'NONE',  #293 ) ;
#1316 = EDGE_CURVE ( 'NONE', #1551, #1208, #1449, .T. ) ;
#1317 = LINE ( 'NONE', #334, #954 ) ;
#1318 = CLOSED_SHELL ( 'NONE', ( #877, #1388, #169, #538, #1377, #268, #543, #399 ) ) ;
#1319 = CARTESIAN_POINT ( 'NONE',  ( 2.025833024919774683, 0.1000000000000000056, 1.925000000000000044 ) ) ;
#1320 = ORIENTED_EDGE ( 'NONE', *, *, #141, .T. ) ;
#1321 = DIRECTION ( 'NONE',  ( -1.000000000000000000, 0.000000000000000000, 0.000000000000000000 ) ) ;
#1322 = VERTEX_POINT ( 'NONE', #1080 ) ;
#1323 = DIRECTION ( 'NONE',  ( 1.000000000000000000, 0.000000000000000000, 2.168404344971010840E-16 ) ) ;
#1324 = CARTESIAN_POINT ( 'NONE',  ( -2.524999999999999911, 0.2695999260624414862, 0.8000000000000000444 ) ) ;
#1325 = ADVANCED_FACE ( 'NONE', ( #1552 ), #1333, .T. ) ;
#1326 = PLANE ( 'NONE',  #294 ) ;
#1327 = ORIENTED_EDGE ( 'NONE', *, *, #1500, .F. ) ;
#1328 = CARTESIAN_POINT ( 'NONE',  ( 2.524999999999999911, 0.5000000000000000000, -0.8000000000000000444 ) ) ;
#1329 = CARTESIAN_POINT ( 'NONE',  ( -2.674999999999999822, 0.5000000000000000000, 0.8000000000000000444 ) ) ;
#1330 = DIRECTION ( 'NONE',  ( 0.9659258262890699775, 0.2588190451025145222, 0.000000000000000000 ) ) ;
#1331 = DIRECTION ( 'NONE',  ( 0.9659258262890701996, -0.2588190451025140781, 0.000000000000000000 ) ) ;
#1332 = ORIENTED_EDGE ( 'NONE', *, *, #1437, .F. ) ;
#1333 = CYLINDRICAL_SURFACE ( 'NONE', #662, 0.2500000000000002220 ) ;
#1334 = ORIENTED_EDGE ( 'NONE', *, *, #785, .F. ) ;
#1335 = CARTESIAN_POINT ( 'NONE',  ( -2.425000000000000266, -2.168404344971009854E-16, 0.4000000000000000222 ) ) ;
#1336 = ORIENTED_EDGE ( 'NONE', *, *, #1373, .F. ) ;
#1337 = AXIS2_PLACEMENT_3D ( 'NONE', #128, #737, #1088 ) ;
#1338 = EDGE_CURVE ( 'NONE', #507, #372, #1303, .T. ) ;
#1339 = DIRECTION ( 'NONE',  ( 0.2588190451025145222, 0.9659258262890699775, 0.000000000000000000 ) ) ;
#1340 = VECTOR ( 'NONE', #608, 1000.000000000000000 ) ;
#1341 = LINE ( 'NONE', #1111, #249 ) ;
#1342 = DIRECTION ( 'NONE',  ( -1.882294834296520253E-15, 1.000000000000000000, 0.000000000000000000 ) ) ;
#1343 = EDGE_LOOP ( 'NONE', ( #1473, #572, #693, #738 ) ) ;
#1344 = CARTESIAN_POINT ( 'NONE',  ( 2.425000000000000266, 0.5999999999999999778, -0.4000000000000000222 ) ) ;
#1345 = DIRECTION ( 'NONE',  ( 0.000000000000000000, 0.000000000000000000, -1.000000000000000000 ) ) ;
#1346 = CLOSED_SHELL ( 'NONE', ( #1370, #323, #769, #741, #491, #1288, #637, #512, #554, #984, #378, #345, #630, #838, #1400, #186, #31, #1477, #700, #289, #823, #407, #432, #1140 ) ) ;
#1347 = EDGE_CURVE ( 'NONE', #1224, #477, #970, .T. ) ;
#1348 = DIRECTION ( 'NONE',  ( -1.000000000000000000, 1.882294834296520253E-15, 0.000000000000000000 ) ) ;
#1349 = CARTESIAN_POINT ( 'NONE',  ( -3.225000000000000089, 0.1498572332372792304, -0.4000000000000000222 ) ) ;
#1350 = AXIS2_PLACEMENT_3D ( 'NONE', #886, #1522, #958 ) ;
#1351 = VERTEX_POINT ( 'NONE', #597 ) ;
#1352 = FACE_OUTER_BOUND ( 'NONE', #881, .T. ) ;
#1353 =( LENGTH_UNIT ( ) NAMED_UNIT ( * ) SI_UNIT ( .MILLI., .METRE. ) );
#1354 = EDGE_CURVE ( 'NONE', #351, #1195, #252, .T. ) ;
#1355 = DIRECTION ( 'NONE',  ( 1.000000000000000000, 1.237622989176030087E-16, 0.000000000000000000 ) ) ;
#1356 = EDGE_CURVE ( 'NONE', #1295, #1551, #362, .T. ) ;
#1357 = CARTESIAN_POINT ( 'NONE',  ( -2.674999999999999822, 0.5000000000000000000, 0.8000000000000000444 ) ) ;
#1358 = ORIENTED_EDGE ( 'NONE', *, *, #1004, .F. ) ;
#1359 = FILL_AREA_STYLE_COLOUR ( '', #566 ) ;
#1360 = LINE ( 'NONE', #428, #946 ) ;
#1361 = AXIS2_PLACEMENT_3D ( 'NONE', #167, #288, #1022 ) ;
#1362 = VECTOR ( 'NONE', #653, 1000.000000000000000 ) ;
#1363 = ADVANCED_FACE ( 'NONE', ( #1422 ), #1072, .F. ) ;
#1364 = DIRECTION ( 'NONE',  ( 0.000000000000000000, 0.000000000000000000, 1.000000000000000000 ) ) ;
#1365 = VECTOR ( 'NONE', #551, 1000.000000000000000 ) ;
#1366 = ORIENTED_EDGE ( 'NONE', *, *, #1042, .T. ) ;
#1367 = PLANE ( 'NONE',  #220 ) ;
#1368 = FACE_OUTER_BOUND ( 'NONE', #549, .T. ) ;
#1369 = PRESENTATION_STYLE_ASSIGNMENT (( #216 ) ) ;
#1370 = ADVANCED_FACE ( 'NONE', ( #1180 ), #104, .F. ) ;
#1371 = EDGE_LOOP ( 'NONE', ( #242, #995, #436, #246, #1304, #396 ) ) ;
#1372 = LINE ( 'NONE', #882, #519 ) ;
#1373 = EDGE_CURVE ( 'NONE', #1007, #67, #371, .T. ) ;
#1374 = DIRECTION ( 'NONE',  ( 0.000000000000000000, 0.000000000000000000, -1.000000000000000000 ) ) ;
#1375 = LINE ( 'NONE', #65, #448 ) ;
#1376 = ORIENTED_EDGE ( 'NONE', *, *, #99, .F. ) ;
#1377 = ADVANCED_FACE ( 'NONE', ( #716 ), #1196, .F. ) ;
#1378 = LINE ( 'NONE', #1271, #422 ) ;
#1379 = VERTEX_POINT ( 'NONE', #604 ) ;
#1380 = ORIENTED_EDGE ( 'NONE', *, *, #849, .F. ) ;
#1381 = AXIS2_PLACEMENT_3D ( 'NONE', #1245, #42, #1489 ) ;
#1382 = DIRECTION ( 'NONE',  ( 4.818676322157810194E-16, -1.000000000000000000, 0.000000000000000000 ) ) ;
#1383 = FILL_AREA_STYLE_COLOUR ( '', #353 ) ;
#1384 = EDGE_LOOP ( 'NONE', ( #327, #932, #981, #919, #20, #1266 ) ) ;
#1385 = DIRECTION ( 'NONE',  ( 0.000000000000000000, 0.000000000000000000, -1.000000000000000000 ) ) ;
#1386 = CARTESIAN_POINT ( 'NONE',  ( 2.764095153158665052, 0.01983787066697719967, -0.8000000000000000444 ) ) ;
#1387 = VERTEX_POINT ( 'NONE', #1203 ) ;
#1388 = ADVANCED_FACE ( 'NONE', ( #1543 ), #1457, .F. ) ;
#1389 = VECTOR ( 'NONE', #159, 1000.000000000000000 ) ;
#1390 = ORIENTED_EDGE ( 'NONE', *, *, #827, .T. ) ;
#1391 = CARTESIAN_POINT ( 'NONE',  ( 2.674999999999999822, 0.5000000000000000000, 0.8000000000000000444 ) ) ;
#1392 = EDGE_LOOP ( 'NONE', ( #324, #359, #765, #1186 ) ) ;
#1393 = CARTESIAN_POINT ( 'NONE',  ( -2.674999999999999822, 0.2695999260624414862, -0.8000000000000000444 ) ) ;
#1394 = ORIENTED_EDGE ( 'NONE', *, *, #414, .F. ) ;
#1395 = CARTESIAN_POINT ( 'NONE',  ( 2.200000000000000178, 0.7500000000000000000, 0.8000000000000000444 ) ) ;
#1396 = LINE ( 'NONE', #330, #745 ) ;
#1397 = AXIS2_PLACEMENT_3D ( 'NONE', #348, #1036, #231 ) ;
#1398 = CARTESIAN_POINT ( 'NONE',  ( -2.200000000000000178, 0.7500000000000000000, 1.925000000000000044 ) ) ;
#1399 = ORIENTED_EDGE ( 'NONE', *, *, #1015, .T. ) ;
#1400 = ADVANCED_FACE ( 'NONE', ( #978 ), #1326, .F. ) ;
#1401 = CARTESIAN_POINT ( 'NONE',  ( -2.052627944162884965, 1.300000000000000044, 1.925000000000000044 ) ) ;
#1402 = ORIENTED_EDGE ( 'NONE', *, *, #1112, .F. ) ;
#1403 = CARTESIAN_POINT ( 'NONE',  ( 2.774999999999999911, 0.2695999260624414862, 0.8000000000000000444 ) ) ;
#1404 = DIRECTION ( 'NONE',  ( -0.9659258262890703106, -0.2588190451025136340, 0.000000000000000000 ) ) ;
#1405 = ORIENTED_EDGE ( 'NONE', *, *, #1521, .F. ) ;
#1406 = PLANE ( 'NONE',  #410 ) ;
#1407 = ORIENTED_EDGE ( 'NONE', *, *, #462, .F. ) ;
#1408 = PRODUCT_DEFINITION_CONTEXT ( 'detailed design', #915, 'design' ) ;
#1409 =( NAMED_UNIT ( * ) PLANE_ANGLE_UNIT ( ) SI_UNIT ( $, .RADIAN. ) );
#1410 =( GEOMETRIC_REPRESENTATION_CONTEXT ( 3 ) GLOBAL_UNCERTAINTY_ASSIGNED_CONTEXT ( ( #478 ) ) GLOBAL_UNIT_ASSIGNED_CONTEXT ( ( #1353, #1240, #655 ) ) REPRESENTATION_CONTEXT ( 'NONE', 'WORKASPACE' ) );
#1411 = EDGE_CURVE ( 'NONE', #1561, #657, #623, .T. ) ;
#1412 = VECTOR ( 'NONE', #508, 1000.000000000000000 ) ;
#1413 = VERTEX_POINT ( 'NONE', #506 ) ;
#1414 = CARTESIAN_POINT ( 'NONE',  ( -3.218457091895220223, -4.305583208330154675E-16, 0.4000000000000000222 ) ) ;
#1415 = PLANE ( 'NONE',  #296 ) ;
#1416 = AXIS2_PLACEMENT_3D ( 'NONE', #89, #1146, #1289 ) ;
#1417 = DIRECTION ( 'NONE',  ( -0.2588190451025140226, -0.9659258262890700886, 0.000000000000000000 ) ) ;
#1418 = ORIENTED_EDGE ( 'NONE', *, *, #230, .T. ) ;
#1419 = VECTOR ( 'NONE', #602, 1000.000000000000000 ) ;
#1420 = DIRECTION ( 'NONE',  ( 0.000000000000000000, 0.000000000000000000, -1.000000000000000000 ) ) ;
#1421 = ORIENTED_EDGE ( 'NONE', *, *, #647, .F. ) ;
#1422 = FACE_OUTER_BOUND ( 'NONE', #989, .T. ) ;
#1423 = EDGE_CURVE ( 'NONE', #713, #1182, #388, .T. ) ;
#1424 = EDGE_LOOP ( 'NONE', ( #816, #969, #948, #214 ) ) ;
#1425 = DIRECTION ( 'NONE',  ( -1.000000000000000000, 0.000000000000000000, 0.000000000000000000 ) ) ;
#1426 = EDGE_LOOP ( 'NONE', ( #1418, #559, #633, #95 ) ) ;
#1427 = EDGE_CURVE ( 'NONE', #1007, #222, #1106, .T. ) ;
#1428 = VECTOR ( 'NONE', #1487, 1000.000000000000114 ) ;
#1429 = LINE ( 'NONE', #72, #610 ) ;
#1430 = ORIENTED_EDGE ( 'NONE', *, *, #271, .T. ) ;
#1431 = CARTESIAN_POINT ( 'NONE',  ( 2.425000000000000266, 0.7500000000000000000, -0.8000000000000000444 ) ) ;
#1432 = ORIENTED_EDGE ( 'NONE', *, *, #44, .T. ) ;
#1433 = CARTESIAN_POINT ( 'NONE',  ( 2.770638061263464902, 0.1696951039042554898, -0.8000000000000000444 ) ) ;
#1434 = EDGE_LOOP ( 'NONE', ( #1407, #1442, #1071, #1302 ) ) ;
#1435 = DIRECTION ( 'NONE',  ( 1.000000000000000000, 0.000000000000000000, 0.000000000000000000 ) ) ;
#1436 = ORIENTED_EDGE ( 'NONE', *, *, #912, .F. ) ;
#1437 = EDGE_CURVE ( 'NONE', #1536, #1075, #32, .T. ) ;
#1438 = PLANE ( 'NONE',  #1149 ) ;
#1439 = ORIENTED_EDGE ( 'NONE', *, *, #1356, .T. ) ;
#1440 = CARTESIAN_POINT ( 'NONE',  ( -2.674999999999999822, 0.2695999260624414862, -0.04942323963059890024 ) ) ;
#1441 = VECTOR ( 'NONE', #687, 1000.000000000000114 ) ;
#1442 = ORIENTED_EDGE ( 'NONE', *, *, #99, .T. ) ;
#1443 = CARTESIAN_POINT ( 'NONE',  ( 2.200000000000000178, 0.7500000000000000000, 1.925000000000000044 ) ) ;
#1444 = VERTEX_POINT ( 'NONE', #754 ) ;
#1445 = ADVANCED_FACE ( 'NONE', ( #520 ), #1463, .F. ) ;
#1446 = AXIS2_PLACEMENT_3D ( 'NONE', #337, #1049, #1509 ) ;
#1447 = CARTESIAN_POINT ( 'NONE',  ( -2.425000000000000266, 0.7500000000000000000, -0.8000000000000000444 ) ) ;
#1448 = AXIS2_PLACEMENT_3D ( 'NONE', #1401, #1550, #1420 ) ;
#1449 = LINE ( 'NONE', #707, #310 ) ;
#1450 = ORIENTED_EDGE ( 'NONE', *, *, #1070, .F. ) ;
#1451 = CARTESIAN_POINT ( 'NONE',  ( 3.218457091895200239, 4.878909776184769953E-16, 0.8000000000000000444 ) ) ;
#1452 = ORIENTED_EDGE ( 'NONE', *, *, #1023, .F. ) ;
#1453 = DIRECTION ( 'NONE',  ( 0.9659258262890703106, -0.2588190451025136340, 0.000000000000000000 ) ) ;
#1454 = CYLINDRICAL_SURFACE ( 'NONE', #188, 0.09999999999999982514 ) ;
#1455 = PRESENTATION_LAYER_ASSIGNMENT (  '', '', ( #97 ) ) ;
#1456 = EDGE_CURVE ( 'NONE', #442, #426, #1237, .T. ) ;
#1457 = PLANE ( 'NONE',  #1337 ) ;
#1458 = ORIENTED_EDGE ( 'NONE', *, *, #530, .F. ) ;
#1459 = LINE ( 'NONE', #988, #213 ) ;
#1460 = ORIENTED_EDGE ( 'NONE', *, *, #299, .T. ) ;
#1461 = CARTESIAN_POINT ( 'NONE',  ( 2.025833024919774683, 0.1000000000000000056, -1.925000000000000044 ) ) ;
#1462 = DIRECTION ( 'NONE',  ( -1.000000000000000000, 4.818676322157810194E-16, 0.000000000000000000 ) ) ;
#1463 = PLANE ( 'NONE',  #1557 ) ;
#1464 = EDGE_CURVE ( 'NONE', #1055, #93, #887, .T. ) ;
#1465 = ORIENTED_EDGE ( 'NONE', *, *, #162, .F. ) ;
#1466 = CARTESIAN_POINT ( 'NONE',  ( -2.770638061263464902, 0.1696951039042554898, -0.4000000000000000222 ) ) ;
#1467 = DIRECTION ( 'NONE',  ( -1.882294834296520253E-15, 1.000000000000000000, 0.000000000000000000 ) ) ;
#1468 = VECTOR ( 'NONE', #945, 1000.000000000000000 ) ;
#1469 = PLANE ( 'NONE',  #136 ) ;
#1470 = VECTOR ( 'NONE', #1462, 1000.000000000000000 ) ;
#1471 = FACE_OUTER_BOUND ( 'NONE', #1371, .T. ) ;
#1472 = CARTESIAN_POINT ( 'NONE',  ( 2.200000000000000178, 0.7500000000000000000, -1.925000000000000044 ) ) ;
#1473 = ORIENTED_EDGE ( 'NONE', *, *, #483, .T. ) ;
#1474 = LINE ( 'NONE', #183, #187 ) ;
#1475 = FILL_AREA_STYLE ('',( #1003 ) ) ;
#1476 = AXIS2_PLACEMENT_3D ( 'NONE', #524, #1382, #195 ) ;
#1477 = ADVANCED_FACE ( 'NONE', ( #639 ), #1129, .F. ) ;
#1478 = CARTESIAN_POINT ( 'NONE',  ( 2.524999999999999911, 0.2695999260624414862, 0.8000000000000000444 ) ) ;
#1479 = CARTESIAN_POINT ( 'NONE',  ( -3.225000000000000089, 0.1498572332372792304, 0.4000000000000000222 ) ) ;
#1480 = VECTOR ( 'NONE', #993, 1000.000000000000000 ) ;
#1481 = LINE ( 'NONE', #415, #1501 ) ;
#1482 = AXIS2_PLACEMENT_3D ( 'NONE', #358, #839, #674 ) ;
#1483 = EDGE_LOOP ( 'NONE', ( #652, #599, #1012, #148 ) ) ;
#1484 = CARTESIAN_POINT ( 'NONE',  ( -2.674999999999999822, 0.2695999260624414862, 0.4000000000000000222 ) ) ;
#1485 = LINE ( 'NONE', #900, #501 ) ;
#1486 = EDGE_CURVE ( 'NONE', #1136, #1536, #880, .T. ) ;
#1487 = DIRECTION ( 'NONE',  ( 0.04361938736533708255, -0.9990482215818576872, 5.204246935327908586E-18 ) ) ;
#1488 = ORIENTED_EDGE ( 'NONE', *, *, #1235, .T. ) ;
#1489 = DIRECTION ( 'NONE',  ( 0.000000000000000000, 0.000000000000000000, -1.000000000000000000 ) ) ;
#1490 = VECTOR ( 'NONE', #642, 1000.000000000000000 ) ;
#1491 = AXIS2_PLACEMENT_3D ( 'NONE', #634, #748, #1435 ) ;
#1492 = ADVANCED_FACE ( 'NONE', ( #291 ), #156, .T. ) ;
#1493 = CARTESIAN_POINT ( 'NONE',  ( 2.025833024919774683, 0.1000000000000000056, 1.925000000000000044 ) ) ;
#1494 = VECTOR ( 'NONE', #229, 1000.000000000000000 ) ;
#1495 = VERTEX_POINT ( 'NONE', #656 ) ;
#1496 = CARTESIAN_POINT ( 'NONE',  ( -2.159807621135334532, 0.5999999999999999778, -0.8000000000000000444 ) ) ;
#1497 = DIRECTION ( 'NONE',  ( 0.000000000000000000, -1.000000000000000000, 0.000000000000000000 ) ) ;
#1498 = LINE ( 'NONE', #1515, #298 ) ;
#1499 = SURFACE_SIDE_STYLE ('',( #1524 ) ) ;
#1500 = EDGE_CURVE ( 'NONE', #1530, #507, #770, .T. ) ;
#1501 = VECTOR ( 'NONE', #1364, 1000.000000000000000 ) ;
#1502 = ORIENTED_EDGE ( 'NONE', *, *, #1085, .F. ) ;
#1503 = CARTESIAN_POINT ( 'NONE',  ( -3.225000000000000089, -4.336808689942014778E-16, 0.4000000000000000222 ) ) ;
#1504 = DIRECTION ( 'NONE',  ( 0.000000000000000000, 0.000000000000000000, -1.000000000000000000 ) ) ;
#1505 = LINE ( 'NONE', #908, #16 ) ;
#1506 = ORIENTED_EDGE ( 'NONE', *, *, #1251, .T. ) ;
#1507 = CARTESIAN_POINT ( 'NONE',  ( 2.425000000000000266, 0.5999999999999999778, 0.8000000000000000444 ) ) ;
#1508 = ADVANCED_FACE ( 'NONE', ( #646 ), #40, .F. ) ;
#1509 = DIRECTION ( 'NONE',  ( 0.000000000000000000, 0.000000000000000000, 1.000000000000000000 ) ) ;
#1510 = ORIENTED_EDGE ( 'NONE', *, *, #387, .T. ) ;
#1511 = ORIENTED_EDGE ( 'NONE', *, *, #721, .T. ) ;
#1512 = FACE_OUTER_BOUND ( 'NONE', #312, .T. ) ;
#1513 = VECTOR ( 'NONE', #859, 1000.000000000000000 ) ;
#1514 = VERTEX_POINT ( 'NONE', #903 ) ;
#1515 = CARTESIAN_POINT ( 'NONE',  ( -2.159807621135334532, 0.5999999999999999778, -0.4000000000000000222 ) ) ;
#1516 =( LENGTH_UNIT ( ) NAMED_UNIT ( * ) SI_UNIT ( .MILLI., .METRE. ) );
#1517 = EDGE_LOOP ( 'NONE', ( #444, #157, #470, #244 ) ) ;
#1518 = CARTESIAN_POINT ( 'NONE',  ( -2.025833024919774683, 0.1000000000000000056, -1.925000000000000044 ) ) ;
#1519 = LINE ( 'NONE', #450, #1167 ) ;
#1520 = AXIS2_PLACEMENT_3D ( 'NONE', #204, #916, #562 ) ;
#1521 = EDGE_CURVE ( 'NONE', #1413, #1306, #552, .T. ) ;
#1522 = DIRECTION ( 'NONE',  ( -0.000000000000000000, 1.000000000000000000, 0.000000000000000000 ) ) ;
#1523 = ORIENTED_EDGE ( 'NONE', *, *, #793, .T. ) ;
#1524 = SURFACE_STYLE_FILL_AREA ( #547 ) ;
#1525 = VERTEX_POINT ( 'NONE', #1472 ) ;
#1526 = LINE ( 'NONE', #930, #719 ) ;
#1527 = CARTESIAN_POINT ( 'NONE',  ( 2.524999999999999911, 0.5000000000000000000, -0.8000000000000000444 ) ) ;
#1528 = FACE_OUTER_BOUND ( 'NONE', #829, .T. ) ;
#1529 = EDGE_CURVE ( 'NONE', #723, #209, #895, .T. ) ;
#1530 = VERTEX_POINT ( 'NONE', #46 ) ;
#1531 = PLANE ( 'NONE',  #1101 ) ;
#1532 = ORIENTED_EDGE ( 'NONE', *, *, #64, .F. ) ;
#1533 = DIRECTION ( 'NONE',  ( 0.000000000000000000, 0.000000000000000000, -1.000000000000000000 ) ) ;
#1534 = LINE ( 'NONE', #673, #773 ) ;
#1535 = DIRECTION ( 'NONE',  ( 1.000000000000000000, 0.000000000000000000, 0.000000000000000000 ) ) ;
#1536 = VERTEX_POINT ( 'NONE', #1119 ) ;
#1537 = ADVANCED_FACE ( 'NONE', ( #168 ), #534, .F. ) ;
#1538 = VECTOR ( 'NONE', #906, 1000.000000000000000 ) ;
#1539 = CARTESIAN_POINT ( 'NONE',  ( 2.025833024919774683, 0.1000000000000000056, 1.925000000000000044 ) ) ;
#1540 = EDGE_CURVE ( 'NONE', #926, #1066, #1481, .T. ) ;
#1541 = VECTOR ( 'NONE', #364, 1000.000000000000000 ) ;
#1542 = ORIENTED_EDGE ( 'NONE', *, *, #866, .T. ) ;
#1543 = FACE_OUTER_BOUND ( 'NONE', #235, .T. ) ;
#1544 = VECTOR ( 'NONE', #274, 1000.000000000000000 ) ;
#1545 = DIRECTION ( 'NONE',  ( 0.000000000000000000, 0.000000000000000000, -1.000000000000000000 ) ) ;
#1546 = ORIENTED_EDGE ( 'NONE', *, *, #251, .F. ) ;
#1547 = CARTESIAN_POINT ( 'NONE',  ( 3.225000000000000089, 0.1498572332372792304, -0.8000000000000000444 ) ) ;
#1548 = ORIENTED_EDGE ( 'NONE', *, *, #644, .F. ) ;
#1549 = AXIS2_PLACEMENT_3D ( 'NONE', #810, #1283, #215 ) ;
#1550 = DIRECTION ( 'NONE',  ( 1.056403987452941775E-16, -1.000000000000000000, 0.000000000000000000 ) ) ;
#1551 = VERTEX_POINT ( 'NONE', #1493 ) ;
#1552 = FACE_OUTER_BOUND ( 'NONE', #778, .T. ) ;
#1553 = EDGE_CURVE ( 'NONE', #963, #1322, #632, .T. ) ;
#1554 = EDGE_LOOP ( 'NONE', ( #227, #34, #1130, #851 ) ) ;
#1555 = LINE ( 'NONE', #1451, #1285 ) ;
#1556 = ORIENTED_EDGE ( 'NONE', *, *, #885, .T. ) ;
#1557 = AXIS2_PLACEMENT_3D ( 'NONE', #1006, #285, #411 ) ;
#1558 = CARTESIAN_POINT ( 'NONE',  ( -2.425000000000000266, 0.5999999999999999778, 0.4000000000000000222 ) ) ;
#1559 = VECTOR ( 'NONE', #692, 1000.000000000000000 ) ;
#1560 = LINE ( 'NONE', #486, #62 ) ;
#1561 = VERTEX_POINT ( 'NONE', #147 ) ;
#1562 = LINE ( 'NONE', #352, #438 ) ;
ENDSEC;
END-ISO-10303-21;
